Observations for LEBANON MUNICIPAL, NH (LEB)
TIME:NA|PMSL:hPa|ALTM:hPa|TMP:C|DEW:C|RH:%|DIR:Degrees CC from North|SPD:m/s|VIS:km
TIME,PMSL,ALTM,TMP,DEW,RH,DIR,SPD,VIS,Weather,latitude,longitude
2019-12-31 22:53:00,1000.3,999.7,1,-1,88,200,2,4.0,-SN FG,43.63,-72.3
2019-12-31 23:53:00,999.9,999.0,1,-1,92,0,0,6.4,FG,43.63,-72.3
2020-01-01 00:53:00,999.8,999.0,1,0,96,0,0,6.4,FG,43.63,-72.3
2020-01-01 01:53:00,999.4,998.7,1,-1,88,180,3,6.4,FG,43.63,-72.3
2020-01-01 02:53:00,999.0,998.3,1,-1,92,0,0,16.1,,43.63,-72.3
2020-01-01 03:53:00,998.9,998.3,2,-1,82,190,3,16.1,,43.63,-72.3
2020-01-01 04:53:00,998.7,998.0,1,-2,85,170,3,16.1,,43.63,-72.3
2020-01-01 05:53:00,999.1,998.3,1,-4,69,240,3,16.1,,43.63,-72.3
2020-01-01 06:53:00,999.5,999.0,-1,-4,75,,2,16.1,,43.63,-72.3
2020-01-01 07:53:00,999.2,998.7,-1,-4,78,200,3,16.1,,43.63,-72.3
2020-01-01 08:53:00,999.5,998.7,-2,-4,82,170,3,16.1,,43.63,-72.3
2020-01-01 09:53:00,999.3,998.7,-1,-4,75,,2,16.1,,43.63,-72.3
2020-01-01 10:53:00,999.7,999.0,-1,-4,78,180,2,16.1,,43.63,-72.3
2020-01-01 11:53:00,999.7,999.0,-1,-5,75,0,0,16.1,,43.63,-72.3
2020-01-01 12:53:00,999.7,999.0,-2,-6,78,190,5,16.1,,43.63,-72.3
2020-01-01 13:53:00,1000.3,999.7,-1,-4,78,200,2,16.1,,43.63,-72.3
2020-01-01 14:53:00,1000.8,1000.0,1,-4,69,240,4,16.1,,43.63,-72.3
2020-01-01 15:53:00,1000.7,1000.3,1,-4,69,230,4,16.1,,43.63,-72.3
2020-01-01 16:53:00,1000.6,1000.0,2,-4,64,260,7,16.1,,43.63,-72.3
2020-01-01 17:53:00,1001.0,1000.3,2,-4,66,270,9,16.1,,43.63,-72.3
2020-01-01 18:53:00,1001.2,1000.7,1,-4,67,260,7,16.1,,43.63,-72.3
2020-01-01 19:53:00,1001.8,1001.0,1,-4,69,240,5,16.1,,43.63,-72.3
2020-01-01 20:53:00,1003.0,1002.4,1,-3,72,200,3,16.1,,43.63,-72.3
2020-01-01 21:53:00,1003.6,1003.1,1,-3,72,200,3,16.1,,43.63,-72.3
2020-01-01 22:53:00,1004.2,1003.4,1,-3,75,180,4,16.1,NaN,43.63,-72.3
2020-01-01 22:53:00,1004.2,1003.4,1,-3,75,180,4,16.1,,43.63,-72.3
2020-01-01 23:53:00,1004.8,1004.1,1,-3,72,230,4,16.1,NaN,43.63,-72.3
2020-01-02 00:53:00,1005.6,1004.8,1,-4,69,270,5,16.1,NaN,43.63,-72.3
2020-01-02 01:53:00,1006.5,1005.8,1,-4,67,280,2,16.1,NaN,43.63,-72.3
2020-01-02 02:53:00,1006.8,1006.1,1,-5,66,210,2,16.1,NaN,43.63,-72.3
2020-01-02 03:53:00,1007.1,1006.4,1,-4,67,240,2,16.1,NaN,43.63,-72.3
2020-01-02 04:53:00,1007.3,1006.8,0,-3,78,160,2,16.1,NaN,43.63,-72.3
2020-01-02 05:53:00,1007.9,1007.1,-1,-3,82,,2,16.1,NaN,43.63,-72.3
2020-01-02 06:53:00,1008.2,1007.5,0,-4,75,210,2,16.1,NaN,43.63,-72.3
2020-01-02 07:53:00,1008.7,1007.8,-1,-6,71,,2,16.1,NaN,43.63,-72.3
2020-01-02 08:53:00,1009.4,1008.5,-4,-7,84,140,2,16.1,NaN,43.63,-72.3
2020-01-02 09:53:00,1009.7,1008.8,-4,-7,81,0,0,16.1,NaN,43.63,-72.3
2020-01-02 10:53:00,1010.6,1009.8,-3,-7,77,0,0,16.1,NaN,43.63,-72.3
2020-01-02 11:53:00,1010.7,1009.8,-6,-7,88,0,0,16.1,NaN,43.63,-72.3
2020-01-02 12:53:00,1010.8,1009.8,-6,-8,88,0,0,16.1,NaN,43.63,-72.3
2020-01-02 13:53:00,1010.6,1009.8,-3,-5,85,0,0,16.1,NaN,43.63,-72.3
2020-01-02 14:53:00,1011.2,1010.5,-2,-4,82,0,0,16.1,NaN,43.63,-72.3
2020-01-02 15:53:00,1010.7,1009.8,1,-4,67,230,4,16.1,NaN,43.63,-72.3
2020-01-02 16:53:00,1009.7,1009.2,2,-4,64,220,4,16.1,NaN,43.63,-72.3
2020-01-02 17:53:00,1008.9,1008.1,2,-3,70,200,2,16.1,NaN,43.63,-72.3
2020-01-02 18:53:00,1008.9,1008.5,3,-2,67,170,5,16.1,NaN,43.63,-72.3
2020-01-02 19:53:00,1009.0,1008.5,3,-2,70,180,4,16.1,NaN,43.63,-72.3
2020-01-02 20:53:00,1009.0,1008.1,3,-2,67,200,4,16.1,NaN,43.63,-72.3
2020-01-02 21:53:00,1009.5,1008.8,1,-3,75,190,4,16.1,NaN,43.63,-72.3
2020-01-02 22:53:00,1008.6,1007.8,0,-2,85,0,0,16.1,NaN,43.63,-72.3
2020-01-02 22:53:00,1008.6,1007.8,0,-2,85,0,0,16.1,,43.63,-72.3
2020-01-02 23:53:00,1008.6,1007.5,0,-2,85,180,3,16.1,,43.63,-72.3
2020-01-03 00:53:00,1008.6,1007.8,2,-2,78,190,2,16.1,,43.63,-72.3
2020-01-03 01:53:00,1008.5,1007.8,1,-2,82,0,0,16.1,,43.63,-72.3
2020-01-03 02:53:00,1008.5,1007.8,2,-2,78,,2,16.1,,43.63,-72.3
2020-01-03 03:53:00,1007.6,1007.1,2,-2,78,230,3,16.1,,43.63,-72.3
2020-01-03 04:53:00,1007.0,1006.4,2,-2,78,0,0,16.1,,43.63,-72.3
2020-01-03 05:53:00,1006.8,1006.1,2,-2,75,210,4,16.1,,43.63,-72.3
2020-01-03 06:53:00,1007.1,1006.4,1,-2,79,0,0,16.1,,43.63,-72.3
2020-01-03 07:53:00,1007.7,1007.1,-1,-3,88,0,0,16.1,,43.63,-72.3
2020-01-03 08:53:00,1007.8,1007.1,-1,-2,89,50,2,16.1,,43.63,-72.3
2020-01-03 09:53:00,1007.7,1007.1,-1,-2,89,0,0,16.1,,43.63,-72.3
2020-01-03 10:53:00,1007.5,1006.8,-1,-2,89,0,0,16.1,,43.63,-72.3
2020-01-03 11:53:00,1007.8,1007.1,-2,-3,89,0,0,14.5,,43.63,-72.3
2020-01-03 12:53:00,1007.7,1006.8,-2,-4,88,0,0,12.9,,43.63,-72.3
2020-01-03 13:53:00,1007.9,1007.1,-1,-2,89,0,0,4.0,FG,43.63,-72.3
2020-01-03 14:53:00,1008.9,1008.5,2,-2,78,20,2,16.1,,43.63,-72.3
2020-01-03 15:53:00,1007.9,1007.5,2,-1,79,210,2,16.1,,43.63,-72.3
2020-01-03 16:53:00,1007.1,1006.4,4,-1,72,0,0,16.1,,43.63,-72.3
2020-01-03 17:53:00,1006.5,1006.1,4,-1,70,0,0,16.1,,43.63,-72.3
2020-01-03 18:53:00,1006.5,1005.8,4,0,73,0,0,16.1,,43.63,-72.3
2020-01-03 19:53:00,1006.6,1006.1,5,0,70,0,0,16.1,,43.63,-72.3
2020-01-03 20:53:00,1007.3,1006.8,3,0,82,190,2,16.1,,43.63,-72.3
2020-01-03 21:53:00,1007.3,1006.8,3,0,82,160,2,16.1,,43.63,-72.3
2020-01-03 22:53:00,1007.3,1006.8,2,-1,85,0,0,16.1,,43.63,-72.3
2020-01-03 22:53:00,1007.3,1006.8,2,-1,85,0,0,16.1,,43.63,-72.3
2020-01-03 23:53:00,1008.1,1007.5,2,0,85,0,0,16.1,,43.63,-72.3
2020-01-04 00:53:00,1008.7,1007.8,2,0,88,0,0,16.1,,43.63,-72.3
2020-01-04 01:53:00,1009.3,1008.5,2,0,88,160,2,16.1,,43.63,-72.3
2020-01-04 02:53:00,1009.0,1008.5,2,0,85,0,0,16.1,,43.63,-72.3
2020-01-04 03:53:00,1008.9,1008.5,2,1,92,0,0,16.1,,43.63,-72.3
2020-01-04 04:53:00,1008.5,1007.8,2,0,88,0,0,16.1,,43.63,-72.3
2020-01-04 05:53:00,1007.7,1007.1,2,0,88,0,0,16.1,,43.63,-72.3
2020-01-04 06:53:00,1008.4,1007.8,2,0,88,40,2,14.5,,43.63,-72.3
2020-01-04 07:53:00,1008.4,1007.8,2,0,88,0,0,14.5,,43.63,-72.3
2020-01-04 08:53:00,1008.3,1007.8,2,0,88,170,2,14.5,,43.63,-72.3
2020-01-04 09:53:00,1008.0,1007.5,2,0,88,0,0,14.5,,43.63,-72.3
2020-01-04 10:53:00,1007.4,1006.8,2,0,88,360,2,8.0,FG,43.63,-72.3
2020-01-04 11:53:00,1007.5,1006.8,2,0,88,0,0,12.9,,43.63,-72.3
2020-01-04 12:53:00,1006.9,1006.4,1,0,92,0,0,8.0,-RA FG,43.63,-72.3
2020-01-04 13:53:00,1007.2,1006.8,2,0,88,0,0,3.2,-RA FG,43.63,-72.3
2020-01-04 14:53:00,1006.8,1006.1,2,1,92,0,0,2.0,-RA FG,43.63,-72.3
2020-01-04 15:53:00,1005.9,1005.4,2,1,92,330,2,2.0,-RA FG,43.63,-72.3
2020-01-04 16:53:00,1003.9,1003.4,2,1,92,350,2,1.2,-RA FG,43.63,-72.3
2020-01-04 17:53:00,1002.8,1002.4,3,2,92,0,0,0.8,-RA FG,43.63,-72.3
2020-01-04 18:53:00,1002.6,1002.0,3,1,89,330,2,2.0,-RA FG,43.63,-72.3
2020-01-04 19:53:00,1002.0,1001.4,3,2,92,350,2,1.6,-RA FG,43.63,-72.3
2020-01-04 20:53:00,1001.6,1001.0,2,1,92,350,3,1.6,-RA FG,43.63,-72.3
2020-01-04 21:53:00,1001.8,1001.4,2,1,92,350,3,2.4,-RA FG,43.63,-72.3
2020-01-04 22:53:00,1001.8,1001.4,2,0,88,10,2,3.2,FG,43.63,-72.3
2020-01-04 22:53:00,1001.8,1001.4,2,0,88,10,2,3.2,FG,43.63,-72.3
2020-01-04 23:53:00,1001.8,1001.4,2,1,92,0,0,3.2,FG,43.63,-72.3
2020-01-05 00:53:00,1001.4,1000.7,1,0,92,350,2,2.4,FG,43.63,-72.3
2020-01-05 01:53:00,1001.7,1001.4,1,0,92,0,0,4.8,FG,43.63,-72.3
2020-01-05 02:53:00,1001.9,1001.4,1,0,92,0,0,2.0,FG,43.63,-72.3
2020-01-05 03:53:00,1000.4,1000.0,1,0,92,330,2,4.0,-SN FG,43.63,-72.3
2020-01-05 04:52:00,1000.7,1000.0,2,0,88,340,2,9.7,-SN FG,43.63,-72.3
2020-01-05 05:53:00,999.8,999.3,1,-1,85,340,4,16.1,,43.63,-72.3
2020-01-05 06:53:00,1000.8,1000.3,1,-2,79,320,4,16.1,,43.63,-72.3
2020-01-05 07:53:00,1001.2,1000.7,1,-3,75,330,5,16.1,,43.63,-72.3
2020-01-05 08:53:00,1001.7,1001.0,1,-4,72,350,3,16.1,,43.63,-72.3
2020-01-05 09:53:00,1002.3,1001.7,0,-4,72,350,4,16.1,,43.63,-72.3
2020-01-05 10:53:00,1003.3,1002.7,0,-4,72,340,4,16.1,,43.63,-72.3
2020-01-05 11:53:00,1004.2,1003.7,0,-5,69,340,4,16.1,,43.63,-72.3
2020-01-05 12:53:00,1004.8,1004.1,-1,-6,66,320,4,16.1,,43.63,-72.3
2020-01-05 13:53:00,1005.8,1005.1,-1,-7,66,330,6,16.1,,43.63,-72.3
2020-01-05 14:53:00,1006.6,1005.8,-1,-6,69,340,6,16.1,,43.63,-72.3
2020-01-05 15:53:00,1007.0,1006.1,-1,-8,58,310,7,16.1,,43.63,-72.3
2020-01-05 16:53:00,1007.0,1006.4,-1,-8,58,310,7,16.1,,43.63,-72.3
2020-01-05 17:53:00,1007.6,1006.8,-1,-8,60,310,5,16.1,,43.63,-72.3
2020-01-05 18:53:00,1008.0,1007.1,-1,-8,58,310,6,16.1,,43.63,-72.3
2020-01-05 19:53:00,1008.7,1007.8,-1,-8,58,,3,16.1,,43.63,-72.3
2020-01-05 20:53:00,1009.4,1008.8,-1,-9,55,340,4,16.1,,43.63,-72.3
2020-01-05 21:53:00,1010.4,1009.5,-2,-9,60,360,3,16.1,,43.63,-72.3
2020-01-05 22:53:00,1011.1,1010.2,-3,-9,60,350,4,16.1,,43.63,-72.3
2020-01-05 22:53:00,1011.1,1010.2,-3,-9,60,350,4,16.1,,43.63,-72.3
2020-01-05 23:53:00,1012.2,1011.2,-4,-9,66,50,3,16.1,,43.63,-72.3
2020-01-06 00:53:00,1012.8,1011.9,-4,-10,63,360,3,16.1,,43.63,-72.3
2020-01-06 01:53:00,1013.1,1012.2,-4,-9,66,350,2,16.1,,43.63,-72.3
2020-01-06 02:53:00,1013.3,1012.2,-6,-10,71,50,3,16.1,,43.63,-72.3
2020-01-06 03:53:00,1013.5,1012.2,-6,-10,74,0,0,16.1,,43.63,-72.3
2020-01-06 04:53:00,1013.1,1011.9,-7,-10,80,0,0,16.1,,43.63,-72.3
2020-01-06 05:53:00,1012.8,1011.5,-8,-11,83,0,0,16.1,,43.63,-72.3
2020-01-06 06:53:00,1013.2,1011.9,-9,-11,87,0,0,16.1,,43.63,-72.3
2020-01-06 07:53:00,1013.2,1011.9,-9,-12,83,340,2,16.1,,43.63,-72.3
2020-01-06 08:53:00,1013.3,1012.2,-8,-11,83,0,0,16.1,,43.63,-72.3
2020-01-06 09:53:00,1012.9,1011.5,-8,-11,80,360,2,16.1,,43.63,-72.3
2020-01-06 10:53:00,1012.9,1011.5,-8,-11,77,0,0,16.1,,43.63,-72.3
2020-01-06 11:53:00,1013.2,1011.9,-8,-11,80,0,0,16.1,,43.63,-72.3
2020-01-06 12:53:00,1013.6,1012.5,-7,-11,77,0,0,16.1,,43.63,-72.3
2020-01-06 13:53:00,1014.2,1012.9,-7,-10,80,0,0,4.0,-SN,43.63,-72.3
2020-01-06 14:53:00,1013.8,1012.5,-7,-9,84,0,0,2.4,-SN FG,43.63,-72.3
2020-01-06 15:53:00,1012.7,1011.5,-5,-8,78,0,0,4.0,-SN,43.63,-72.3
2020-01-06 16:53:00,1011.8,1010.5,-5,-8,81,0,0,1.2,-SN,43.63,-72.3
2020-01-06 17:53:00,1010.9,1009.5,-4,-7,84,0,0,2.4,-SN FG,43.63,-72.3
2020-01-06 18:53:00,1010.7,1009.5,-4,-7,81,0,0,4.8,-SN,43.63,-72.3
2020-01-06 19:53:00,1010.8,1009.5,-3,-6,78,40,2,8.0,HZ,43.63,-72.3
2020-01-06 20:53:00,1011.1,1009.8,-3,-6,84,0,0,8.0,FG,43.63,-72.3
2020-01-06 21:53:00,1011.3,1010.2,-4,-6,85,0,0,12.9,,43.63,-72.3
2020-01-06 22:53:00,1011.8,1010.5,-3,-5,85,340,2,4.8,-SN FG,43.63,-72.3
2020-01-06 22:53:00,1011.8,1010.5,-3,-5,85,340,2,4.8,-SN FG,43.63,-72.3
2020-01-06 23:53:00,1012.1,1010.8,-3,-5,85,200,2,14.5,-SN,43.63,-72.3
2020-01-07 00:53:00,1012.2,1011.2,-3,-5,85,0,0,4.8,-SN FG,43.63,-72.3
2020-01-07 01:53:00,1012.4,1011.2,-4,-6,88,180,4,11.3,,43.63,-72.3
2020-01-07 02:53:00,1012.3,1011.2,-5,-6,92,0,0,14.5,,43.63,-72.3
2020-01-07 03:53:00,1012.0,1011.2,-1,-4,81,210,5,14.5,,43.63,-72.3
2020-01-07 04:53:00,1011.5,1010.5,-2,-4,85,180,3,16.1,,43.63,-72.3
2020-01-07 05:53:00,1011.7,1010.5,-1,-3,88,180,5,4.0,-SN FG,43.63,-72.3
2020-01-07 06:53:00,1012.0,1011.2,-1,-3,85,170,4,16.1,,43.63,-72.3
2020-01-07 07:53:00,1013.6,1012.5,-2,-6,72,,2,16.1,,43.63,-72.3
2020-01-07 08:53:00,1014.2,1013.2,-1,-8,60,210,3,16.1,,43.63,-72.3
2020-01-07 09:53:00,1014.5,1013.6,-1,-8,60,200,2,16.1,,43.63,-72.3
2020-01-07 10:53:00,1014.8,1013.9,-2,-8,63,250,3,16.1,,43.63,-72.3
2020-01-07 11:53:00,1015.3,1014.2,-1,-8,58,270,3,16.1,,43.63,-72.3
2020-01-07 12:53:00,1015.8,1014.9,-3,-7,77,0,0,16.1,,43.63,-72.3
2020-01-07 13:53:00,1016.3,1015.2,-4,-6,85,0,0,16.1,,43.63,-72.3
2020-01-07 14:53:00,1016.4,1015.2,0,-7,58,230,3,16.1,,43.63,-72.3
2020-01-07 15:53:00,1015.6,1014.9,1,-7,56,260,3,16.1,,43.63,-72.3
2020-01-07 16:53:00,1015.8,1014.9,2,-7,52,,2,16.1,,43.63,-72.3
2020-01-07 17:53:00,1015.7,1014.9,1,-8,51,170,3,16.1,,43.63,-72.3
2020-01-07 18:53:00,1015.3,1014.6,2,-7,52,240,3,16.1,,43.63,-72.3
2020-01-07 19:53:00,1015.1,1014.2,1,-7,54,0,0,16.1,,43.63,-72.3
2020-01-07 20:53:00,1015.2,1014.2,0,-4,72,0,0,16.1,,43.63,-72.3
2020-01-07 21:53:00,1015.3,1014.6,-1,-4,75,0,0,16.1,,43.63,-72.3
2020-01-07 22:53:00,1014.8,1013.9,-2,-5,81,0,0,16.1,,43.63,-72.3
2020-01-07 22:53:00,1014.8,1013.9,-2,-5,81,0,0,16.1,,43.63,-72.3
2020-01-07 23:53:00,1014.1,1013.2,-2,-5,78,0,0,16.1,,43.63,-72.3
2020-01-08 00:53:00,1013.4,1012.5,-2,-5,81,0,0,16.1,,43.63,-72.3
2020-01-08 01:53:00,1013.2,1012.2,-2,-4,85,0,0,16.1,,43.63,-72.3
2020-01-08 02:53:00,1013.0,1012.2,-2,-4,85,0,0,16.1,,43.63,-72.3
2020-01-08 03:53:00,1012.0,1011.2,-3,-4,89,0,0,16.1,,43.63,-72.3
2020-01-08 04:53:00,1011.2,1010.5,-3,-4,89,0,0,16.1,,43.63,-72.3
2020-01-08 05:53:00,1010.2,1009.5,-2,-4,82,60,2,4.8,-SN,43.63,-72.3
2020-01-08 06:53:00,1009.7,1008.8,-2,-4,85,0,0,16.1,,43.63,-72.3
2020-01-08 07:53:00,1009.4,1008.5,-3,-4,92,0,0,16.1,,43.63,-72.3
2020-01-08 08:53:00,1009.1,1008.1,-3,-4,89,0,0,16.1,,43.63,-72.3
2020-01-08 09:53:00,1008.6,1007.8,-2,-4,88,0,0,4.8,-SN FG,43.63,-72.3
2020-01-08 10:53:00,1008.4,1007.5,-2,-4,85,0,0,8.0,-SN,43.63,-72.3
2020-01-08 11:53:00,1008.0,1007.1,-2,-4,85,0,0,14.5,-SN,43.63,-72.3
2020-01-08 12:53:00,1008.1,1007.1,-3,-4,89,0,0,16.1,,43.63,-72.3
2020-01-08 13:53:00,1008.3,1007.5,-2,-5,81,200,2,16.1,,43.63,-72.3
2020-01-08 14:53:00,1007.9,1007.1,-1,-4,78,190,3,16.1,,43.63,-72.3
2020-01-08 15:53:00,1007.4,1006.8,1,-4,69,230,3,16.1,,43.63,-72.3
2020-01-08 16:53:00,1006.9,1006.1,2,-5,59,250,3,16.1,,43.63,-72.3
2020-01-08 17:53:00,1006.5,1005.8,2,-6,56,260,6,16.1,,43.63,-72.3
2020-01-08 18:53:00,1007.3,1006.4,2,-5,61,280,3,16.1,,43.63,-72.3
2020-01-08 19:53:00,1008.0,1007.1,1,-3,72,30,2,14.5,,43.63,-72.3
2020-01-08 20:53:00,1009.9,1009.2,0,-2,85,260,5,2.0,-SN FG,43.63,-72.3
2020-01-08 21:53:00,1012.7,1011.9,-1,-4,81,280,3,3.2,-SN,43.63,-72.3
2020-01-08 22:53:00,1014.3,1013.2,-2,-6,78,330,6,2.4,-SN,43.63,-72.3
2020-01-08 22:53:00,1014.3,1013.2,-2,-6,78,330,6,2.4,-SN,43.63,-72.3
2020-01-08 23:53:00,1016.3,1015.2,-2,-8,63,280,7,14.5,,43.63,-72.3
2020-01-09 00:53:00,1017.8,1016.9,-3,-8,68,280,4,11.3,-SN,43.63,-72.3
2020-01-09 01:53:00,1019.6,1018.3,-4,-7,81,320,4,1.6,-SN,43.63,-72.3
2020-01-09 02:53:00,1020.8,1019.7,-5,-9,74,330,3,16.1,,43.63,-72.3
2020-01-09 03:53:00,1022.4,1021.3,-6,-13,55,290,6,16.1,,43.63,-72.3
2020-01-09 04:53:00,1023.7,1022.7,-7,-15,54,300,5,9.7,UP,43.63,-72.3
2020-01-09 05:53:00,1025.8,1024.7,-8,-16,54,300,4,14.5,,43.63,-72.3
2020-01-09 06:53:00,1028.1,1026.8,-9,-16,56,300,4,16.1,,43.63,-72.3
2020-01-09 07:53:00,1030.1,1028.8,-9,-16,58,320,4,16.1,,43.63,-72.3
2020-01-09 08:53:00,1031.7,1030.5,-11,-17,61,320,3,16.1,,43.63,-72.3
2020-01-09 09:53:00,1033.1,1031.8,-12,-17,64,320,4,16.1,,43.63,-72.3
2020-01-09 10:53:00,1034.6,1032.9,-13,-18,66,340,2,16.1,,43.63,-72.3
2020-01-09 11:53:00,1036.2,1034.6,-17,-19,80,360,2,16.1,,43.63,-72.3
2020-01-09 12:53:00,1037.7,1035.9,-14,-18,69,360,3,16.1,,43.63,-72.3
2020-01-09 13:53:00,1038.7,1037.3,-12,-18,58,,2,16.1,,43.63,-72.3
2020-01-09 14:53:00,1039.6,1037.9,-11,-18,55,340,3,16.1,,43.63,-72.3
2020-01-09 15:53:00,1040.1,1038.6,-9,-17,53,300,5,16.1,,43.63,-72.3
2020-01-09 16:53:00,1040.0,1038.3,-8,-17,49,310,4,16.1,,43.63,-72.3
2020-01-09 17:53:00,1039.9,1038.3,-7,-16,47,0,0,16.1,,43.63,-72.3
2020-01-09 18:53:00,1040.3,1038.6,-6,-16,43,30,2,16.1,,43.63,-72.3
2020-01-09 19:53:00,1040.2,1038.6,-6,-16,45,30,2,16.1,,43.63,-72.3
2020-01-09 20:53:00,1040.5,1039.0,-6,-16,45,0,0,16.1,,43.63,-72.3
2020-01-09 21:53:00,1040.0,1037.9,-9,-15,64,60,3,16.1,,43.63,-72.3
2020-01-09 22:53:00,1040.9,1039.0,-10,-14,73,0,0,16.1,,43.63,-72.3
2020-01-09 22:53:00,1040.9,1039.0,-10,-14,73,0,0,16.1,NaN,43.63,-72.3
2020-01-09 23:53:00,1040.9,1039.0,-9,-14,70,0,0,16.1,NaN,43.63,-72.3
2020-01-10 00:53:00,1041.2,1039.3,-10,-14,73,0,0,16.1,NaN,43.63,-72.3
2020-01-10 01:53:00,1040.7,1039.0,-10,-14,73,60,2,16.1,NaN,43.63,-72.3
2020-01-10 02:53:00,1040.1,1038.3,-10,-13,77,0,0,16.1,NaN,43.63,-72.3
2020-01-10 03:53:00,1038.6,1036.9,-11,-14,77,0,0,16.1,NaN,43.63,-72.3
2020-01-10 04:53:00,1038.3,1036.6,-11,-14,80,0,0,16.1,NaN,43.63,-72.3
2020-01-10 05:53:00,1036.4,1034.9,-11,-13,81,0,0,16.1,NaN,43.63,-72.3
2020-01-10 06:53:00,1035.7,1034.2,-10,-13,77,0,0,16.1,NaN,43.63,-72.3
2020-01-10 07:53:00,1034.8,1033.2,-8,-13,70,,,16.1,NaN,43.63,-72.3
2020-01-10 08:53:00,1033.3,1031.8,-3,-12,50,200,5,16.1,NaN,43.63,-72.3
2020-01-10 09:53:00,1032.6,1031.2,-3,-12,52,190,5,16.1,NaN,43.63,-72.3
2020-01-10 10:53:00,1032.2,1030.8,-3,-11,55,200,3,16.1,NaN,43.63,-72.3
2020-01-10 11:53:00,1032.3,1030.8,-3,-10,58,180,4,16.1,NaN,43.63,-72.3
2020-01-10 12:53:00,1032.1,1030.5,-2,-9,60,200,5,16.1,NaN,43.63,-72.3
2020-01-10 13:53:00,1031.6,1030.5,-2,-8,61,190,3,16.1,NaN,43.63,-72.3
2020-01-10 14:53:00,1031.2,1029.8,-1,-7,61,200,5,16.1,NaN,43.63,-72.3
2020-01-10 15:53:00,1031.0,1029.8,0,-6,64,210,5,16.1,NaN,43.63,-72.3
2020-01-10 16:53:00,1029.5,1028.1,1,-6,61,190,5,16.1,NaN,43.63,-72.3
2020-01-10 17:53:00,1028.7,1027.4,2,-4,64,190,5,16.1,NaN,43.63,-72.3
2020-01-10 18:53:00,1027.9,1026.8,3,-3,64,200,4,16.1,NaN,43.63,-72.3
2020-01-10 19:53:00,1027.6,1026.4,3,-3,67,240,2,16.1,NaN,43.63,-72.3
2020-01-10 20:53:00,1027.9,1027.1,3,-2,67,250,3,16.1,NaN,43.63,-72.3
2020-01-10 21:53:00,1027.7,1026.8,3,-2,70,60,2,16.1,NaN,43.63,-72.3
2020-01-10 22:53:00,1027.6,1026.8,4,-1,72,,2,16.1,,43.63,-72.3
2020-01-10 22:53:00,1027.6,1026.8,4,-1,72,,2,16.1,NaN,43.63,-72.3
2020-01-10 23:53:00,1028.1,1027.1,3,-1,75,0,0,16.1,,43.63,-72.3
2020-01-11 00:53:00,1028.0,1027.1,2,-1,85,0,0,16.1,,43.63,-72.3
2020-01-11 01:53:00,1028.3,1027.4,2,0,85,0,0,16.1,,43.63,-72.3
2020-01-11 02:53:00,1028.0,1027.1,2,0,85,0,0,16.1,,43.63,-72.3
2020-01-11 03:53:00,1028.1,1027.4,2,0,88,0,0,16.1,,43.63,-72.3
2020-01-11 04:53:00,1027.3,1026.8,2,0,88,0,0,16.1,,43.63,-72.3
2020-01-11 05:53:00,1027.3,1026.8,2,0,88,0,0,16.1,,43.63,-72.3
2020-01-11 06:53:00,1026.7,1026.1,2,1,89,140,2,16.1,,43.63,-72.3
2020-01-11 07:53:00,1026.1,1025.4,2,0,88,0,0,16.1,,43.63,-72.3
2020-01-11 08:53:00,1025.4,1024.7,2,0,88,0,0,16.1,,43.63,-72.3
2020-01-11 09:53:00,1023.7,1023.0,2,0,88,0,0,16.1,,43.63,-72.3
2020-01-11 10:53:00,1023.6,1023.0,2,0,88,0,0,16.1,,43.63,-72.3
2020-01-11 11:53:00,1022.3,1021.7,2,1,89,0,0,16.1,,43.63,-72.3
2020-01-11 12:53:00,1020.9,1020.3,2,1,92,0,0,12.9,,43.63,-72.3
2020-01-11 13:53:00,1020.1,1019.7,6,4,89,190,5,9.7,FG,43.63,-72.3
2020-01-11 14:53:00,1018.9,1018.6,10,7,80,200,5,9.7,FG,43.63,-72.3
2020-01-11 15:53:00,1017.4,1017.3,12,7,74,190,6,16.1,,43.63,-72.3
2020-01-11 16:53:00,1015.9,1015.6,13,8,69,270,3,16.1,,43.63,-72.3
2020-01-11 17:53:00,1013.9,1013.9,13,7,67,190,6,16.1,,43.63,-72.3
2020-01-11 18:53:00,1013.6,1013.6,12,6,69,180,5,16.1,,43.63,-72.3
2020-01-11 19:53:00,1012.9,1012.9,13,7,67,180,5,16.1,,43.63,-72.3
2020-01-11 20:53:00,1011.6,1011.5,13,8,69,180,5,16.1,,43.63,-72.3
2020-01-11 21:53:00,1012.1,1011.9,11,7,74,0,0,16.1,,43.63,-72.3
2020-01-11 22:53:00,1012.9,1012.5,7,4,82,170,2,16.1,,43.63,-72.3
2020-01-11 22:53:00,1012.9,1012.5,7,4,82,170,2,16.1,,43.63,-72.3
2020-01-11 23:53:00,1012.5,1012.2,8,5,82,0,0,16.1,,43.63,-72.3
2020-01-12 00:53:00,1011.8,1011.5,8,5,82,0,0,16.1,,43.63,-72.3
2020-01-12 01:53:00,1010.8,1010.8,13,8,74,210,3,16.1,,43.63,-72.3
2020-01-12 02:53:00,1010.0,1010.2,13,9,77,190,6,16.1,,43.63,-72.3
2020-01-12 03:53:00,1010.2,1010.5,12,8,77,190,6,16.1,,43.63,-72.3
2020-01-12 04:53:00,1009.5,1009.8,12,9,80,190,5,16.1,,43.63,-72.3
2020-01-12 05:53:00,1008.9,1009.2,13,10,80,190,6,16.1,,43.63,-72.3
2020-01-12 06:53:00,1008.5,1008.8,13,10,80,190,5,16.1,,43.63,-72.3
2020-01-12 07:53:00,1007.5,1007.8,14,11,81,190,6,16.1,,43.63,-72.3
2020-01-12 08:53:00,1005.6,1006.1,14,12,87,190,6,16.1,-RA,43.63,-72.3
2020-01-12 09:53:00,1004.2,1004.4,14,13,90,200,6,16.1,-RA,43.63,-72.3
2020-01-12 10:53:00,1003.3,1003.4,15,13,90,190,9,16.1,,43.63,-72.3
2020-01-12 11:53:00,1003.4,1003.7,16,13,86,200,6,16.1,-RA,43.63,-72.3
2020-01-12 12:53:00,1004.0,1004.1,14,13,90,200,4,16.1,,43.63,-72.3
2020-01-12 13:53:00,1003.4,1004.1,16,12,78,170,5,16.1,,43.63,-72.3
2020-01-12 14:53:00,1004.8,1005.4,17,13,78,180,6,16.1,,43.63,-72.3
2020-01-12 15:53:00,1006.4,1006.8,18,9,58,250,7,16.1,,43.63,-72.3
2020-01-12 16:53:00,1008.8,1009.2,14,5,55,240,9,16.1,,43.63,-72.3
2020-01-12 17:53:00,1011.3,1011.5,12,3,54,270,14,16.1,,43.63,-72.3
2020-01-12 18:53:00,1014.6,1014.6,9,1,56,270,6,16.1,,43.63,-72.3
2020-01-12 19:53:00,1017.2,1017.3,8,-1,52,290,5,16.1,,43.63,-72.3
2020-01-12 20:53:00,1019.7,1019.7,7,-2,53,310,6,16.1,,43.63,-72.3
2020-01-12 21:53:00,1022.8,1022.7,6,-3,53,290,6,16.1,,43.63,-72.3
2020-01-12 22:53:00,1024.7,1024.7,3,-3,62,330,5,16.1,,43.63,-72.3
2020-01-12 22:53:00,1024.7,1024.7,3,-3,62,330,5,16.1,,43.63,-72.3
2020-01-12 23:53:00,1026.7,1026.4,2,-4,64,350,4,16.1,,43.63,-72.3
2020-01-13 00:53:00,1027.8,1027.4,1,-5,66,10,5,16.1,,43.63,-72.3
2020-01-13 01:53:00,1028.2,1027.8,-1,-6,66,10,6,16.1,,43.63,-72.3
2020-01-13 02:53:00,1029.9,1029.5,-1,-7,66,20,5,16.1,,43.63,-72.3
2020-01-13 03:53:00,1030.7,1030.5,-2,-8,65,50,4,16.1,,43.63,-72.3
2020-01-13 04:53:00,1031.9,1031.5,-3,-9,65,60,4,16.1,,43.63,-72.3
2020-01-13 05:53:00,1032.9,1032.5,-3,-9,65,50,3,16.1,,43.63,-72.3
2020-01-13 06:53:00,1034.0,1033.2,-3,-9,65,30,3,16.1,,43.63,-72.3
2020-01-13 07:53:00,1033.1,1032.5,-3,-9,63,10,3,16.1,,43.63,-72.3
2020-01-13 08:53:00,1031.9,1031.2,-3,-9,65,20,4,16.1,,43.63,-72.3
2020-01-13 09:53:00,1031.9,1031.2,-3,-9,65,340,2,16.1,,43.63,-72.3
2020-01-13 10:53:00,1032.1,1031.2,-3,-9,65,0,0,16.1,,43.63,-72.3
2020-01-13 11:53:00,1032.0,1031.2,-3,-9,65,0,0,16.1,,43.63,-72.3
2020-01-13 12:53:00,1032.0,1031.2,-3,-8,66,0,0,16.1,,43.63,-72.3
2020-01-13 13:53:00,1032.1,1031.2,-2,-8,65,0,0,16.1,,43.63,-72.3
2020-01-13 14:53:00,1031.6,1030.8,-1,-6,66,160,2,16.1,,43.63,-72.3
2020-01-13 15:53:00,1031.2,1030.1,0,-6,66,150,2,16.1,,43.63,-72.3
2020-01-13 16:53:00,1030.0,1029.1,0,-5,69,160,2,16.1,,43.63,-72.3
2020-01-13 17:53:00,1029.1,1028.1,0,-4,72,0,0,16.1,,43.63,-72.3
2020-01-13 18:53:00,1028.7,1027.8,0,-4,75,0,0,16.1,,43.63,-72.3
2020-01-13 19:53:00,1028.4,1027.4,0,-3,78,60,2,4.8,HZ,43.63,-72.3
2020-01-13 20:53:00,1028.3,1027.4,-1,-2,89,50,2,4.0,FG,43.63,-72.3
2020-01-13 21:53:00,1028.1,1027.1,-1,-2,89,70,2,4.8,FG,43.63,-72.3
2020-01-13 22:53:00,1028.3,1027.4,-1,-3,85,50,3,9.7,FG,43.63,-72.3
2020-01-13 22:53:00,1028.3,1027.4,-1,-3,85,50,3,9.7,FG,43.63,-72.3
2020-01-13 23:53:00,1028.6,1027.4,-1,-2,89,40,2,16.1,,43.63,-72.3
2020-01-14 00:53:00,1028.3,1027.4,-1,-3,85,0,0,16.1,,43.63,-72.3
2020-01-14 01:53:00,1028.4,1027.4,0,-2,85,20,2,16.1,,43.63,-72.3
2020-01-14 02:53:00,1028.0,1027.1,0,-2,85,0,0,16.1,,43.63,-72.3
2020-01-14 03:53:00,1028.0,1027.1,0,-3,81,360,2,16.1,,43.63,-72.3
2020-01-14 04:53:00,1027.4,1026.4,0,-2,85,0,0,16.1,,43.63,-72.3
2020-01-14 05:53:00,1027.8,1026.8,0,-2,88,0,0,12.9,,43.63,-72.3
2020-01-14 06:53:00,1028.3,1027.4,0,-2,88,0,0,12.9,,43.63,-72.3
2020-01-14 07:53:00,1027.8,1026.8,0,-2,88,50,2,6.4,FG,43.63,-72.3
2020-01-14 08:53:00,1028.6,1027.8,0,-1,92,0,0,8.0,FG,43.63,-72.3
2020-01-14 09:53:00,1028.3,1027.4,0,-2,88,40,2,9.7,FG,43.63,-72.3
2020-01-14 10:53:00,1028.4,1027.4,0,-1,92,0,0,9.7,FG,43.63,-72.3
2020-01-14 11:53:00,1028.5,1027.8,0,-2,88,0,0,11.3,,43.63,-72.3
2020-01-14 12:53:00,1028.0,1027.1,0,-2,88,0,0,11.3,,43.63,-72.3
2020-01-14 13:53:00,1028.1,1027.1,0,-2,88,0,0,11.3,,43.63,-72.3
2020-01-14 14:53:00,1027.7,1026.8,1,-2,85,0,0,12.9,,43.63,-72.3
2020-01-14 15:53:00,1027.1,1026.4,1,-2,85,0,0,14.5,,43.63,-72.3
2020-01-14 16:53:00,1026.0,1025.1,1,-2,82,0,0,16.1,,43.63,-72.3
2020-01-14 17:53:00,1024.4,1023.7,3,0,79,0,0,16.1,,43.63,-72.3
2020-01-14 18:53:00,1023.5,1023.0,4,-1,72,0,0,16.1,,43.63,-72.3
2020-01-14 19:53:00,1022.8,1022.0,4,-1,70,0,0,16.1,,43.63,-72.3
2020-01-14 20:53:00,1021.8,1021.3,4,-1,72,0,0,16.1,,43.63,-72.3
2020-01-14 21:53:00,1021.4,1020.7,3,-1,73,0,0,16.1,,43.63,-72.3
2020-01-14 22:53:00,1020.9,1020.3,3,-2,70,0,0,16.1,,43.63,-72.3
2020-01-14 22:53:00,1020.9,1020.3,3,-2,70,0,0,16.1,,43.63,-72.3
2020-01-14 23:53:00,1021.0,1020.3,2,-2,75,0,0,9.7,-SN,43.63,-72.3
2020-01-15 00:53:00,1020.3,1019.7,2,-2,75,0,0,11.3,,43.63,-72.3
2020-01-15 01:53:00,1020.1,1019.3,2,-2,75,150,2,11.3,-SN,43.63,-72.3
2020-01-15 02:53:00,1019.3,1018.6,3,-1,75,170,4,14.5,,43.63,-72.3
2020-01-15 03:53:00,1018.7,1018.0,2,-1,82,0,0,16.1,,43.63,-72.3
2020-01-15 04:53:00,1017.5,1016.9,2,0,85,0,0,16.1,,43.63,-72.3
2020-01-15 05:53:00,1016.8,1016.3,2,0,88,0,0,11.3,,43.63,-72.3
2020-01-15 06:53:00,1016.5,1015.9,3,1,89,190,4,12.9,,43.63,-72.3
2020-01-15 07:53:00,1016.8,1016.3,3,1,89,200,2,16.1,,43.63,-72.3
2020-01-15 08:53:00,1016.6,1015.9,2,1,92,250,2,14.5,,43.63,-72.3
2020-01-15 09:53:00,1017.0,1016.3,1,0,92,0,0,9.7,FG,43.63,-72.3
2020-01-15 10:53:00,1017.2,1016.6,1,0,92,,,11.3,,43.63,-72.3
2020-01-15 11:53:00,1018.1,1017.6,1,-1,88,180,2,11.3,,43.63,-72.3
2020-01-15 12:53:00,1018.7,1018.0,1,-1,92,0,0,9.7,FG,43.63,-72.3
2020-01-15 13:53:00,1019.0,1018.3,2,0,88,0,0,8.0,FG,43.63,-72.3
2020-01-15 14:53:00,1019.4,1018.6,2,1,92,160,3,14.5,,43.63,-72.3
2020-01-15 15:53:00,1019.1,1018.6,4,1,76,0,0,16.1,,43.63,-72.3
2020-01-15 16:53:00,1018.7,1018.3,6,-1,64,240,2,16.1,,43.63,-72.3
2020-01-15 17:53:00,1018.5,1018.0,6,-2,59,230,3,16.1,,43.63,-72.3
2020-01-15 18:53:00,1018.2,1017.6,6,-2,57,270,2,16.1,,43.63,-72.3
2020-01-15 19:53:00,1018.5,1018.3,6,-3,55,240,3,16.1,,43.63,-72.3
2020-01-15 20:53:00,1019.1,1018.6,6,-2,57,220,2,16.1,,43.63,-72.3
2020-01-15 21:53:00,1019.5,1019.0,5,-3,55,250,3,16.1,,43.63,-72.3
2020-01-15 22:53:00,1019.9,1019.3,4,-3,57,0,0,16.1,,43.63,-72.3
2020-01-15 22:53:00,1019.9,1019.3,4,-3,57,0,0,16.1,,43.63,-72.3
2020-01-15 23:53:00,1019.7,1019.0,3,-2,70,360,2,16.1,,43.63,-72.3
2020-01-16 00:53:00,1019.3,1018.6,3,-2,70,0,0,16.1,,43.63,-72.3
2020-01-16 01:53:00,1018.6,1018.0,2,-2,73,0,0,16.1,,43.63,-72.3
2020-01-16 02:53:00,1018.9,1018.3,0,-3,81,0,0,16.1,,43.63,-72.3
2020-01-16 03:53:00,1018.1,1017.6,-1,-3,85,0,0,16.1,,43.63,-72.3
2020-01-16 04:53:00,1017.2,1016.6,0,-2,85,40,2,16.1,,43.63,-72.3
2020-01-16 05:53:00,1015.7,1015.2,1,-2,82,0,0,16.1,,43.63,-72.3
2020-01-16 06:53:00,1014.8,1014.2,0,-2,85,0,0,14.5,,43.63,-72.3
2020-01-16 07:53:00,1013.5,1012.9,1,-2,85,0,0,8.0,-SN FG,43.63,-72.3
2020-01-16 08:53:00,1012.1,1011.5,0,-2,88,0,0,3.2,-SN FG,43.63,-72.3
2020-01-16 09:53:00,1011.1,1010.5,1,-1,88,0,0,1.6,-SN FG,43.63,-72.3
2020-01-16 10:53:00,1010.1,1009.5,1,-1,88,0,0,1.2,-SN FG,43.63,-72.3
2020-01-16 11:53:00,1008.6,1008.1,1,-1,88,30,2,1.6,-SN FG,43.63,-72.3
2020-01-16 12:53:00,1007.8,1007.1,1,-1,88,360,3,1.2,-SN FG,43.63,-72.3
2020-01-16 13:53:00,1007.0,1006.4,1,-1,92,350,2,0.8,SN FG,43.63,-72.3
2020-01-16 14:53:00,1007.3,1006.8,1,0,92,350,3,1.2,-SN FG,43.63,-72.3
2020-01-16 15:53:00,1007.1,1006.4,1,-1,88,350,2,2.0,-SN FG,43.63,-72.3
2020-01-16 16:53:00,1007.7,1007.1,2,-1,82,330,5,2.8,-SN,43.63,-72.3
2020-01-16 17:53:00,1008.7,1008.1,1,-3,72,320,6,11.3,,43.63,-72.3
2020-01-16 18:53:00,1009.5,1008.8,1,-6,61,330,6,16.1,,43.63,-72.3
2020-01-16 19:53:00,1010.5,1009.8,1,-6,63,340,3,16.1,,43.63,-72.3
2020-01-16 20:53:00,1011.8,1011.2,-1,-7,61,350,6,16.1,,43.63,-72.3
2020-01-16 21:53:00,1013.1,1012.2,-1,-7,66,350,5,16.1,,43.63,-72.3
2020-01-16 22:53:00,1014.4,1013.6,-2,-7,69,330,4,16.1,,43.63,-72.3
2020-01-16 22:53:00,1014.4,1013.6,-2,-7,69,330,4,16.1,,43.63,-72.3
2020-01-16 23:53:00,1015.7,1014.9,-2,-8,63,330,7,16.1,,43.63,-72.3
2020-01-17 00:53:00,1017.4,1016.3,-3,-9,63,310,5,16.1,,43.63,-72.3
2020-01-17 01:53:00,1018.4,1017.3,-4,-11,60,340,6,16.1,,43.63,-72.3
2020-01-17 02:53:00,1019.6,1018.6,-6,-12,62,320,5,16.1,,43.63,-72.3
2020-01-17 03:53:00,1021.2,1020.0,-7,-14,57,340,10,16.1,,43.63,-72.3
2020-01-17 04:53:00,1022.8,1021.7,-8,-16,54,330,7,16.1,,43.63,-72.3
2020-01-17 05:53:00,1024.3,1023.0,-9,-14,64,340,4,16.1,,43.63,-72.3
2020-01-17 06:53:00,1025.7,1024.4,-9,-16,58,350,9,16.1,,43.63,-72.3
2020-01-17 07:53:00,1027.4,1026.1,-11,-17,58,340,6,16.1,,43.63,-72.3
2020-01-17 08:53:00,1028.8,1027.4,-12,-16,70,330,7,4.0,-SN,43.63,-72.3
2020-01-17 09:53:00,1030.6,1029.1,-12,-17,69,330,5,4.8,-SN,43.63,-72.3
2020-01-17 10:53:00,1032.6,1031.2,-13,-21,54,330,8,16.1,,43.63,-72.3
2020-01-17 11:53:00,1034.4,1032.9,-14,-21,57,350,5,16.1,,43.63,-72.3
2020-01-17 12:53:00,1036.1,1034.6,-15,-23,51,340,6,16.1,,43.63,-72.3
2020-01-17 13:53:00,1037.5,1035.6,-15,-23,51,330,8,16.1,,43.63,-72.3
2020-01-17 14:53:00,1038.1,1036.2,-14,-22,52,320,6,16.1,,43.63,-72.3
2020-01-17 15:53:00,1038.1,1036.2,-13,-23,45,340,7,16.1,,43.63,-72.3
2020-01-17 16:53:00,1037.7,1035.9,-12,-22,43,340,6,16.1,,43.63,-72.3
2020-01-17 17:53:00,1037.3,1035.6,-11,-22,41,340,5,16.1,,43.63,-72.3
2020-01-17 18:53:00,1037.2,1035.2,-11,-23,36,350,6,16.1,,43.63,-72.3
2020-01-17 19:53:00,1037.5,1035.6,-11,-23,36,340,6,16.1,,43.63,-72.3
2020-01-17 20:53:00,1038.0,1036.2,-11,-22,38,360,6,16.1,,43.63,-72.3
2020-01-17 21:53:00,1039.2,1037.3,-12,-23,41,10,4,16.1,,43.63,-72.3
2020-01-17 22:53:00,1039.8,1037.6,-13,-23,45,10,4,16.1,,43.63,-72.3
2020-01-17 22:53:00,1039.8,1037.6,-13,-23,45,10,4,16.1,,43.63,-72.3
2020-01-17 23:53:00,1039.7,1037.6,-14,-22,50,20,5,16.1,,43.63,-72.3
2020-01-18 00:53:00,1039.3,1036.9,-14,-23,49,350,3,16.1,,43.63,-72.3
2020-01-18 01:53:00,1039.8,1037.6,-16,-22,59,50,2,16.1,,43.63,-72.3
2020-01-18 02:53:00,1040.2,1037.9,-17,-22,65,0,0,16.1,,43.63,-72.3
2020-01-18 03:53:00,1040.6,1038.3,-19,-22,75,0,0,16.1,,43.63,-72.3
2020-01-18 04:53:00,1040.8,1038.6,-19,-23,71,0,0,16.1,,43.63,-72.3
2020-01-18 05:53:00,1040.7,1038.6,-18,-22,68,0,0,16.1,,43.63,-72.3
2020-01-18 06:53:00,1040.5,1038.3,-18,-22,71,0,0,16.1,,43.63,-72.3
2020-01-18 07:53:00,1040.1,1037.9,-18,-22,71,0,0,16.1,,43.63,-72.3
2020-01-18 08:53:00,1039.5,1037.3,-17,-22,68,20,2,16.1,,43.63,-72.3
2020-01-18 09:53:00,1038.8,1036.6,-17,-22,68,340,2,16.1,,43.63,-72.3
2020-01-18 10:53:00,1038.3,1035.9,-17,-22,65,350,2,16.1,,43.63,-72.3
2020-01-18 11:53:00,1037.6,1035.2,-17,-22,65,30,2,16.1,,43.63,-72.3
2020-01-18 12:53:00,1036.7,1034.6,-16,-21,65,0,0,16.1,,43.63,-72.3
2020-01-18 13:53:00,1036.2,1033.9,-16,-21,65,0,0,16.1,,43.63,-72.3
2020-01-18 14:53:00,1034.7,1032.2,-15,-20,66,0,0,16.1,,43.63,-72.3
2020-01-18 15:53:00,1033.1,1030.8,-13,-20,57,350,2,16.1,,43.63,-72.3
2020-01-18 16:53:00,1031.5,1029.1,-13,-19,60,0,0,16.1,,43.63,-72.3
2020-01-18 17:53:00,1029.0,1026.8,-12,-20,50,30,2,16.1,,43.63,-72.3
2020-01-18 18:53:00,1027.9,1025.7,-12,-19,53,0,0,16.1,,43.63,-72.3
2020-01-18 19:53:00,1026.5,1024.4,-11,-19,53,0,0,16.1,,43.63,-72.3
2020-01-18 20:53:00,1025.0,1023.0,-11,-16,69,0,0,2.4,-SN,43.63,-72.3
2020-01-18 21:53:00,1022.8,1020.7,-11,-14,77,0,0,2.0,-SN,43.63,-72.3
2020-01-18 22:53:00,1020.2,1018.0,-11,-14,80,0,0,2.0,-SN,43.63,-72.3
2020-01-18 22:53:00,1020.2,1018.0,-11,-14,80,0,0,2.0,-SN,43.63,-72.3
2020-01-18 23:53:00,1018.7,1016.6,-11,-14,80,0,0,1.2,-SN,43.63,-72.3
2020-01-19 00:53:00,1015.7,1013.9,-11,-13,84,260,2,2.4,-SN FG,43.63,-72.3
2020-01-19 01:53:00,1015.0,1013.2,-10,-13,80,0,0,0.8,SN,43.63,-72.3
2020-01-19 02:53:00,1012.7,1010.8,-9,-12,80,,2,1.2,-SN,43.63,-72.3
2020-01-19 03:53:00,1011.1,1009.5,-9,-12,80,30,2,2.4,-SN,43.63,-72.3
2020-01-19 04:53:00,1008.8,1007.1,-9,-12,80,0,0,2.0,-SN,43.63,-72.3
2020-01-19 05:53:00,1007.1,1005.4,-9,-12,83,0,0,11.3,,43.63,-72.3
2020-01-19 06:53:00,1005.8,1004.4,-9,-12,80,0,0,9.7,HZ,43.63,-72.3
2020-01-19 07:53:00,1004.8,1003.1,-9,-12,80,190,2,9.7,HZ,43.63,-72.3
2020-01-19 08:53:00,1004.0,1002.4,-9,-11,84,190,2,4.8,-SN FG,43.63,-72.3
2020-01-19 09:53:00,1003.7,1002.0,-8,-11,80,0,0,8.0,-SN,43.63,-72.3
2020-01-19 10:53:00,1003.2,1001.7,-9,-12,80,20,2,8.0,-SN,43.63,-72.3
2020-01-19 11:53:00,1003.4,1001.7,-11,-13,81,0,0,16.1,,43.63,-72.3
2020-01-19 12:53:00,1003.2,1001.7,-10,-13,80,160,2,16.1,,43.63,-72.3
2020-01-19 13:53:00,1003.1,1001.4,-9,-12,83,0,0,16.1,,43.63,-72.3
2020-01-19 14:53:00,1003.2,1001.7,-7,-10,80,210,2,16.1,,43.63,-72.3
2020-01-19 15:53:00,1003.2,1002.0,-4,-8,77,0,0,16.1,,43.63,-72.3
2020-01-19 16:53:00,1002.7,1001.7,0,-4,72,210,3,16.1,,43.63,-72.3
2020-01-19 17:53:00,1002.4,1001.4,3,-6,54,260,6,16.1,,43.63,-72.3
2020-01-19 18:53:00,1003.1,1002.0,2,-7,52,310,6,16.1,,43.63,-72.3
2020-01-19 19:53:00,1004.6,1003.7,1,-7,58,320,5,16.1,,43.63,-72.3
2020-01-19 20:53:00,1006.3,1005.1,-2,-8,63,330,5,16.1,,43.63,-72.3
2020-01-19 21:53:00,1008.3,1007.1,-4,-10,63,350,4,16.1,,43.63,-72.3
2020-01-19 22:53:00,1010.5,1009.2,-6,-13,57,350,6,16.1,,43.63,-72.3
2020-01-19 22:53:00,1010.5,1009.2,-6,-13,57,350,6,16.1,NaN,43.63,-72.3
2020-01-19 23:53:00,1012.2,1010.8,-8,-14,59,360,5,16.1,NaN,43.63,-72.3
2020-01-20 00:53:00,1013.6,1012.2,-8,-16,56,340,4,16.1,NaN,43.63,-72.3
2020-01-20 01:53:00,1014.4,1012.9,-9,-15,61,10,5,16.1,NaN,43.63,-72.3
2020-01-20 02:53:00,1014.7,1013.2,-9,-15,61,350,4,16.1,NaN,43.63,-72.3
2020-01-20 03:53:00,1015.3,1013.9,-9,-16,58,350,3,16.1,NaN,43.63,-72.3
2020-01-20 04:53:00,1015.5,1014.2,-9,-15,61,350,5,16.1,NaN,43.63,-72.3
2020-01-20 05:53:00,1016.1,1014.9,-9,-16,61,360,4,16.1,NaN,43.63,-72.3
2020-01-20 06:53:00,1016.7,1015.6,-10,-17,56,330,8,14.5,NaN,43.63,-72.3
2020-01-20 07:53:00,1018.0,1016.6,-11,-18,58,360,6,16.1,NaN,43.63,-72.3
2020-01-20 08:53:00,1018.6,1017.3,-12,-18,61,360,3,16.1,NaN,43.63,-72.3
2020-01-20 09:53:00,1019.7,1018.3,-12,-18,60,10,4,16.1,NaN,43.63,-72.3
2020-01-20 10:53:00,1020.9,1019.3,-13,-18,63,40,4,16.1,NaN,43.63,-72.3
2020-01-20 11:53:00,1022.5,1020.7,-13,-18,66,10,3,16.1,NaN,43.63,-72.3
2020-01-20 12:53:00,1024.2,1022.4,-15,-19,72,70,2,16.1,NaN,43.63,-72.3
2020-01-20 13:53:00,1025.0,1023.4,-12,-18,60,20,3,16.1,NaN,43.63,-72.3
2020-01-20 14:53:00,1025.6,1024.1,-11,-18,55,360,3,16.1,NaN,43.63,-72.3
2020-01-20 15:53:00,1025.5,1024.1,-9,-18,49,310,3,16.1,NaN,43.63,-72.3
2020-01-20 16:53:00,1025.4,1023.7,-8,-19,39,320,6,16.1,NaN,43.63,-72.3
2020-01-20 17:53:00,1024.9,1023.4,-6,-18,37,330,4,16.1,NaN,43.63,-72.3
2020-01-20 18:53:00,1024.6,1023.0,-6,-19,33,,3,16.1,NaN,43.63,-72.3
2020-01-20 19:53:00,1025.0,1023.4,-6,-19,33,330,4,16.1,NaN,43.63,-72.3
2020-01-20 20:53:00,1025.2,1023.7,-6,-20,32,330,4,16.1,NaN,43.63,-72.3
2020-01-20 21:53:00,1025.5,1023.7,-7,-21,32,330,3,16.1,NaN,43.63,-72.3
2020-01-20 22:53:00,1026.3,1024.4,-12,-18,58,0,0,16.1,NaN,43.63,-72.3
2020-01-20 22:53:00,1026.3,1024.4,-12,-18,58,0,0,16.1,NaN,43.63,-72.3
2020-01-20 23:53:00,1027.0,1024.7,-16,-20,69,0,0,16.1,NaN,43.63,-72.3
2020-01-21 00:53:00,1027.4,1025.1,-16,-20,72,0,0,16.1,NaN,43.63,-72.3
2020-01-21 01:53:00,1028.1,1026.1,-17,-20,76,360,2,16.1,NaN,43.63,-72.3
2020-01-21 02:53:00,1028.1,1026.1,-17,-21,72,0,0,16.1,NaN,43.63,-72.3
2020-01-21 03:53:00,1028.5,1026.4,-18,-21,75,0,0,16.1,NaN,43.63,-72.3
2020-01-21 04:53:00,1028.5,1026.4,-18,-21,79,0,0,16.1,NaN,43.63,-72.3
2020-01-21 05:53:00,1028.7,1026.8,-20,-23,75,50,2,16.1,NaN,43.63,-72.3
2020-01-21 06:53:00,1029.1,1027.1,-21,-26,67,0,0,16.1,NaN,43.63,-72.3
2020-01-21 07:53:00,1029.3,1027.1,-22,-24,79,0,0,16.1,NaN,43.63,-72.3
2020-01-21 08:53:00,1029.7,1027.4,-22,-25,75,170,2,16.1,NaN,43.63,-72.3
2020-01-21 09:53:00,1030.0,1027.8,-21,-24,75,0,0,16.1,NaN,43.63,-72.3
2020-01-21 10:53:00,1031.1,1028.5,-23,-26,74,170,2,16.1,NaN,43.63,-72.3
2020-01-21 11:53:00,1032.1,1029.5,-23,-27,70,0,0,16.1,NaN,43.63,-72.3
2020-01-21 12:53:00,1033.0,1030.1,-23,-26,74,0,0,16.1,NaN,43.63,-72.3
2020-01-21 13:53:00,1032.9,1030.1,-21,-23,82,0,0,16.1,NaN,43.63,-72.3
2020-01-21 14:53:00,1032.8,1030.5,-17,-19,83,0,0,14.5,NaN,43.63,-72.3
2020-01-21 15:53:00,1032.9,1030.5,-14,-17,83,0,0,16.1,NaN,43.63,-72.3
2020-01-21 16:53:00,1031.9,1029.8,-12,-17,69,0,0,16.1,NaN,43.63,-72.3
2020-01-21 17:53:00,1031.2,1029.1,-10,-17,56,0,0,16.1,NaN,43.63,-72.3
2020-01-21 18:53:00,1030.6,1028.5,-8,-17,51,0,0,16.1,NaN,43.63,-72.3
2020-01-21 19:53:00,1030.3,1028.1,-7,-17,43,0,0,16.1,NaN,43.63,-72.3
2020-01-21 20:53:00,1030.4,1028.1,-9,-17,53,0,0,16.1,NaN,43.63,-72.3
2020-01-21 21:53:00,1030.7,1028.1,-14,-18,69,0,0,16.1,NaN,43.63,-72.3
2020-01-21 22:53:00,1031.5,1028.8,-17,-19,83,0,0,16.1,NaN,43.63,-72.3
2020-01-21 22:53:00,1031.5,1028.8,-17,-19,83,0,0,16.1,NaN,43.63,-72.3
2020-01-21 23:53:00,1031.2,1028.5,-15,-18,76,0,0,16.1,NaN,43.63,-72.3
2020-01-22 00:53:00,1031.8,1029.1,-16,-19,73,0,0,16.1,NaN,43.63,-72.3
2020-01-22 01:53:00,1031.8,1029.5,-14,-18,75,0,0,16.1,NaN,43.63,-72.3
2020-01-22 02:53:00,1031.2,1029.1,-13,-17,73,0,0,16.1,NaN,43.63,-72.3
2020-01-22 03:53:00,1031.0,1028.8,-13,-17,73,0,0,16.1,NaN,43.63,-72.3
2020-01-22 04:53:00,1030.5,1028.5,-14,-17,79,0,0,16.1,NaN,43.63,-72.3
2020-01-22 05:53:00,1030.1,1028.1,-12,-16,76,0,0,16.1,NaN,43.63,-72.3
2020-01-22 06:53:00,1030.1,1028.5,-12,-16,73,0,0,16.1,NaN,43.63,-72.3
2020-01-22 07:53:00,1029.6,1028.1,-12,-16,73,0,0,16.1,NaN,43.63,-72.3
2020-01-22 08:53:00,1029.7,1027.8,-14,-17,79,0,0,16.1,NaN,43.63,-72.3
2020-01-22 09:53:00,1030.1,1027.8,-14,-17,79,0,0,16.1,NaN,43.63,-72.3
2020-01-22 10:53:00,1030.5,1028.5,-12,-16,76,0,0,16.1,NaN,43.63,-72.3
2020-01-22 11:53:00,1030.9,1028.8,-12,-16,73,50,2,16.1,NaN,43.63,-72.3
2020-01-22 12:53:00,1031.3,1029.1,-12,-16,76,0,0,16.1,NaN,43.63,-72.3
2020-01-22 13:53:00,1031.5,1029.5,-13,-16,80,0,0,16.1,NaN,43.63,-72.3
2020-01-22 14:53:00,1031.0,1029.5,-8,-14,62,0,0,16.1,NaN,43.63,-72.3
2020-01-22 15:53:00,1031.0,1029.1,-6,-12,62,0,0,16.1,NaN,43.63,-72.3
2020-01-22 16:53:00,1030.0,1028.5,-2,-11,51,330,2,16.1,NaN,43.63,-72.3
2020-01-22 17:53:00,1029.1,1027.8,-1,-8,56,0,0,16.1,NaN,43.63,-72.3
2020-01-22 18:53:00,1028.6,1027.4,1,-8,50,250,2,16.1,NaN,43.63,-72.3
2020-01-22 19:53:00,1028.4,1027.1,1,-8,50,260,2,16.1,NaN,43.63,-72.3
2020-01-22 20:53:00,1028.2,1026.8,-1,-8,56,0,0,16.1,NaN,43.63,-72.3
2020-01-22 21:53:00,1028.9,1027.4,-4,-9,68,0,0,16.1,NaN,43.63,-72.3
2020-01-22 22:53:00,1029.2,1027.4,-7,-9,81,0,0,16.1,NaN,43.63,-72.3
2020-01-22 22:53:00,1029.2,1027.4,-7,-9,81,0,0,16.1,NaN,43.63,-72.3
2020-01-22 23:53:00,1029.5,1027.8,-7,-10,77,0,0,16.1,NaN,43.63,-72.3
2020-01-23 00:53:00,1029.8,1028.1,-9,-13,76,0,0,16.1,NaN,43.63,-72.3
2020-01-23 01:53:00,1029.4,1027.4,-9,-12,80,0,0,16.1,NaN,43.63,-72.3
2020-01-23 02:53:00,1029.4,1027.8,-12,-14,84,0,0,16.1,NaN,43.63,-72.3
2020-01-23 03:53:00,1029.3,1027.8,-12,-14,80,0,0,16.1,NaN,43.63,-72.3
2020-01-23 04:53:00,1029.1,1027.8,-11,-13,84,30,3,16.1,NaN,43.63,-72.3
2020-01-23 05:53:00,1028.7,1027.4,-12,-14,80,160,2,16.1,NaN,43.63,-72.3
2020-01-23 06:53:00,1028.8,1027.4,-13,-16,80,50,2,16.1,NaN,43.63,-72.3
2020-01-23 07:53:00,1028.6,1027.1,-14,-16,83,0,0,16.1,NaN,43.63,-72.3
2020-01-23 08:53:00,1028.2,1026.8,-14,-17,79,0,0,16.1,NaN,43.63,-72.3
2020-01-23 09:53:00,1028.6,1026.8,-16,-19,76,40,2,16.1,NaN,43.63,-72.3
2020-01-23 10:53:00,1029.0,1027.1,-16,-19,76,0,0,16.1,NaN,43.63,-72.3
2020-01-23 11:53:00,1029.5,1027.4,-17,-20,79,0,0,14.5,NaN,43.63,-72.3
2020-01-23 12:53:00,1029.7,1027.8,-16,-18,80,0,0,16.1,NaN,43.63,-72.3
2020-01-23 13:53:00,1029.9,1028.1,-12,-14,87,0,0,12.9,NaN,43.63,-72.3
2020-01-23 14:53:00,1029.9,1028.1,-8,-11,80,0,0,16.1,NaN,43.63,-72.3
2020-01-23 15:53:00,1029.5,1027.8,-6,-8,84,0,0,12.9,NaN,43.63,-72.3
2020-01-23 16:53:00,1028.2,1026.8,-2,-8,63,0,0,14.5,NaN,43.63,-72.3
2020-01-23 17:53:00,1027.3,1026.1,0,-8,54,0,0,16.1,NaN,43.63,-72.3
2020-01-23 18:53:00,1027.0,1025.7,2,-8,48,0,0,14.5,NaN,43.63,-72.3
2020-01-23 19:53:00,1026.7,1025.4,2,-7,52,0,0,16.1,NaN,43.63,-72.3
2020-01-23 20:53:00,1026.8,1025.4,0,-6,66,0,0,16.1,NaN,43.63,-72.3
2020-01-23 21:53:00,1027.1,1025.4,-1,-6,69,0,0,16.1,NaN,43.63,-72.3
2020-01-23 22:53:00,1028.0,1026.4,-4,-8,77,0,0,16.1,NaN,43.63,-72.3
2020-01-23 22:53:00,1028.0,1026.4,-4,-8,77,0,0,16.1,NaN,43.63,-72.3
2020-01-23 23:53:00,1028.5,1026.8,-5,-8,81,0,0,16.1,NaN,43.63,-72.3
2020-01-24 00:53:00,1029.1,1027.4,-4,-8,77,0,0,16.1,NaN,43.63,-72.3
2020-01-24 01:53:00,1029.0,1027.4,-6,-8,81,0,0,16.1,NaN,43.63,-72.3
2020-01-24 02:53:00,1029.0,1027.4,-6,-8,81,160,2,16.1,NaN,43.63,-72.3
2020-01-24 03:53:00,1028.9,1027.8,-6,-8,84,0,0,16.1,NaN,43.63,-72.3
2020-01-24 04:53:00,1028.8,1027.4,-6,-8,81,0,0,16.1,NaN,43.63,-72.3
2020-01-24 05:53:00,1029.0,1027.8,-7,-9,88,0,0,16.1,NaN,43.63,-72.3
2020-01-24 06:53:00,1029.3,1028.1,-8,-10,84,0,0,16.1,NaN,43.63,-72.3
2020-01-24 07:53:00,1029.5,1028.1,-10,-12,87,40,2,14.5,NaN,43.63,-72.3
2020-01-24 08:53:00,1029.6,1028.1,-10,-12,87,0,0,14.5,NaN,43.63,-72.3
2020-01-24 09:53:00,1029.9,1028.5,-11,-13,84,0,0,14.5,NaN,43.63,-72.3
2020-01-24 10:53:00,1030.4,1029.1,-8,-11,80,0,0,14.5,NaN,43.63,-72.3
2020-01-24 11:53:00,1030.9,1029.5,-11,-14,80,0,0,14.5,NaN,43.63,-72.3
2020-01-24 12:53:00,1031.7,1030.1,-9,-11,87,30,2,12.9,NaN,43.63,-72.3
2020-01-24 13:53:00,1032.4,1030.8,-7,-9,84,0,0,12.9,NaN,43.63,-72.3
2020-01-24 14:53:00,1032.3,1030.8,-6,-8,84,0,0,12.9,NaN,43.63,-72.3
2020-01-24 15:53:00,1032.2,1030.8,-3,-7,74,0,0,11.3,NaN,43.63,-72.3
2020-01-24 16:53:00,1031.3,1030.1,-1,-7,66,0,0,14.5,NaN,43.63,-72.3
2020-01-24 17:53:00,1030.3,1029.1,0,-7,58,0,0,16.1,NaN,43.63,-72.3
2020-01-24 18:53:00,1029.4,1028.5,2,-7,54,0,0,14.5,NaN,43.63,-72.3
2020-01-24 19:53:00,1029.4,1028.1,2,-7,52,0,0,14.5,NaN,43.63,-72.3
2020-01-24 20:53:00,1029.2,1028.1,3,-6,52,0,0,12.9,NaN,43.63,-72.3
2020-01-24 21:53:00,1029.2,1027.8,-3,-7,74,0,0,16.1,NaN,43.63,-72.3
2020-01-24 22:53:00,1029.7,1028.1,-4,-8,77,0,0,16.1,,43.63,-72.3
2020-01-24 22:53:00,1029.7,1028.1,-4,-8,77,0,0,16.1,NaN,43.63,-72.3
2020-01-24 23:53:00,1030.2,1028.8,-5,-8,78,0,0,16.1,,43.63,-72.3
2020-01-25 00:53:00,1030.1,1028.5,-5,-8,81,0,0,16.1,,43.63,-72.3
2020-01-25 01:53:00,1030.4,1029.1,-6,-8,84,0,0,16.1,,43.63,-72.3
2020-01-25 02:53:00,1030.0,1028.5,-7,-8,88,0,0,16.1,,43.63,-72.3
2020-01-25 03:53:00,1029.7,1028.5,-7,-9,84,210,2,16.1,,43.63,-72.3
2020-01-25 04:53:00,1029.3,1028.1,-6,-8,84,0,0,16.1,,43.63,-72.3
2020-01-25 05:53:00,1028.8,1027.4,-8,-10,84,0,0,16.1,,43.63,-72.3
2020-01-25 06:53:00,1028.7,1027.8,-7,-8,88,0,0,16.1,,43.63,-72.3
2020-01-25 07:53:00,1028.1,1027.1,-5,-7,88,0,0,16.1,,43.63,-72.3
2020-01-25 08:53:00,1027.5,1026.8,-4,-6,85,0,0,16.1,,43.63,-72.3
2020-01-25 09:53:00,1027.3,1026.1,-3,-6,84,0,0,16.1,,43.63,-72.3
2020-01-25 10:53:00,1027.0,1025.7,-3,-6,81,0,0,16.1,,43.63,-72.3
2020-01-25 11:53:00,1026.8,1025.7,-2,-4,85,0,0,16.1,,43.63,-72.3
2020-01-25 12:53:00,1025.9,1025.1,2,-2,75,,2,16.1,,43.63,-72.3
2020-01-25 13:53:00,1025.6,1024.7,3,-2,70,0,0,16.1,,43.63,-72.3
2020-01-25 14:53:00,1024.9,1024.1,3,-2,67,,3,16.1,,43.63,-72.3
2020-01-25 15:53:00,1024.5,1023.7,3,-2,67,,2,16.1,,43.63,-72.3
2020-01-25 16:53:00,1023.0,1022.0,3,-2,72,,2,16.1,,43.63,-72.3
2020-01-25 17:53:00,1021.4,1020.3,3,-2,72,50,3,16.1,,43.63,-72.3
2020-01-25 18:53:00,1020.0,1019.0,3,-2,72,40,3,16.1,,43.63,-72.3
2020-01-25 19:53:00,1017.9,1016.9,3,-1,75,70,4,16.1,,43.63,-72.3
2020-01-25 20:53:00,1016.7,1015.9,3,-1,78,,2,14.5,,43.63,-72.3
2020-01-25 21:53:00,1015.0,1014.2,3,0,82,70,5,9.7,-RA,43.63,-72.3
2020-01-25 22:53:00,1014.8,1013.9,3,1,82,,3,9.7,HZ,43.63,-72.3
2020-01-25 22:53:00,1014.8,1013.9,3,1,82,,3,9.7,HZ,43.63,-72.3
2020-01-25 23:53:00,1013.6,1012.9,3,1,82,110,5,8.0,-RA,43.63,-72.3
2020-01-26 00:53:00,1011.5,1010.8,3,1,85,,3,11.3,-RA,43.63,-72.3
2020-01-26 01:53:00,1010.2,1009.5,3,1,85,0,0,6.4,-RA FG,43.63,-72.3
2020-01-26 02:53:00,1008.6,1008.1,3,1,89,,2,4.8,-RA FG,43.63,-72.3
2020-01-26 03:53:00,1007.3,1006.8,4,1,79,,2,16.1,,43.63,-72.3
2020-01-26 04:53:00,1006.7,1006.1,3,1,85,0,0,16.1,,43.63,-72.3
2020-01-26 05:53:00,1006.2,1005.8,2,1,92,0,0,16.1,,43.63,-72.3
2020-01-26 06:53:00,1005.7,1005.1,2,1,89,0,0,0.8,FG,43.63,-72.3
2020-01-26 07:53:00,1006.2,1005.4,2,1,92,150,2,4.8,FG,43.63,-72.3
2020-01-26 08:53:00,1005.6,1005.1,2,1,92,0,0,0.8,FG,43.63,-72.3
2020-01-26 09:53:00,1005.2,1004.8,1,1,96,0,0,1.2,FG,43.63,-72.3
2020-01-26 10:53:00,1005.1,1004.8,1,1,96,180,2,1.2,FG,43.63,-72.3
2020-01-26 11:53:00,1005.1,1004.4,1,0,96,0,0,0.4,FG,43.63,-72.3
2020-01-26 12:53:00,1005.5,1005.1,1,-1,92,0,0,1.6,FG,43.63,-72.3
2020-01-26 13:53:00,1005.5,1005.1,0,-1,96,0,0,0.8,FG,43.63,-72.3
2020-01-26 14:53:00,1004.9,1004.4,1,0,96,30,2,0.4,FG,43.63,-72.3
2020-01-26 15:53:00,1004.4,1004.1,3,0,82,250,3,16.1,,43.63,-72.3
2020-01-26 16:53:00,1003.9,1003.4,5,-1,65,,3,16.1,,43.63,-72.3
2020-01-26 17:53:00,1003.1,1002.7,6,-1,64,260,3,16.1,,43.63,-72.3
2020-01-26 18:53:00,1002.7,1002.4,6,-2,59,240,5,16.1,,43.63,-72.3
2020-01-26 19:53:00,1003.0,1002.7,4,-3,60,240,5,16.1,,43.63,-72.3
2020-01-26 20:53:00,1003.3,1002.7,4,-3,62,230,4,16.1,,43.63,-72.3
2020-01-26 21:53:00,1003.3,1002.7,4,-3,62,,2,16.1,,43.63,-72.3
2020-01-26 22:53:00,1003.7,1003.1,1,-2,79,170,3,16.1,,43.63,-72.3
2020-01-26 22:53:00,1003.7,1003.1,1,-2,79,170,3,16.1,NaN,43.63,-72.3
2020-01-26 23:53:00,1003.7,1003.1,2,-2,75,190,4,16.1,NaN,43.63,-72.3
2020-01-27 00:53:00,1003.4,1002.7,3,-2,72,170,4,16.1,NaN,43.63,-72.3
2020-01-27 01:53:00,1003.2,1002.7,3,-2,72,170,2,16.1,NaN,43.63,-72.3
2020-01-27 02:53:00,1003.0,1002.4,3,-2,72,180,3,16.1,NaN,43.63,-72.3
2020-01-27 03:53:00,1002.6,1002.0,4,-2,64,180,2,16.1,NaN,43.63,-72.3
2020-01-27 04:53:00,1002.2,1001.7,2,-2,73,190,4,16.1,NaN,43.63,-72.3
2020-01-27 05:53:00,1001.8,1001.4,3,-2,67,200,5,16.1,NaN,43.63,-72.3
2020-01-27 06:53:00,1001.7,1001.4,3,-2,67,200,4,16.1,NaN,43.63,-72.3
2020-01-27 07:53:00,1001.4,1001.0,3,-2,67,200,4,16.1,NaN,43.63,-72.3
2020-01-27 08:53:00,1001.3,1001.0,3,-2,72,170,2,16.1,NaN,43.63,-72.3
2020-01-27 09:53:00,1001.2,1000.7,2,-2,75,190,3,16.1,NaN,43.63,-72.3
2020-01-27 10:53:00,1001.2,1000.7,0,-2,85,50,2,16.1,NaN,43.63,-72.3
2020-01-27 11:53:00,1001.3,1000.7,-1,-3,88,0,0,16.1,NaN,43.63,-72.3
2020-01-27 12:53:00,1001.6,1001.0,-2,-3,89,60,2,16.1,NaN,43.63,-72.3
2020-01-27 13:53:00,1001.6,1001.0,1,-1,85,0,0,16.1,NaN,43.63,-72.3
2020-01-27 14:53:00,1001.4,1001.0,2,-2,75,190,2,16.1,NaN,43.63,-72.3
2020-01-27 15:53:00,1001.1,1000.7,4,-2,67,,2,16.1,NaN,43.63,-72.3
2020-01-27 16:53:00,1000.5,1000.0,4,-2,62,260,3,16.1,NaN,43.63,-72.3
2020-01-27 17:53:00,1000.1,999.7,5,-3,57,260,5,16.1,NaN,43.63,-72.3
2020-01-27 18:53:00,1000.0,999.7,5,-3,57,320,3,16.1,NaN,43.63,-72.3
2020-01-27 19:53:00,1000.5,1000.0,4,-3,60,290,4,16.1,NaN,43.63,-72.3
2020-01-27 20:53:00,1001.1,1000.7,3,-1,73,250,4,16.1,NaN,43.63,-72.3
2020-01-27 21:53:00,1001.7,1001.0,3,-1,75,190,2,16.1,NaN,43.63,-72.3
2020-01-27 22:53:00,1001.9,1001.4,3,-2,70,,2,16.1,NaN,43.63,-72.3
2020-01-27 22:53:00,1001.9,1001.4,3,-2,70,,2,16.1,NaN,43.63,-72.3
2020-01-27 23:53:00,1002.5,1002.0,3,-3,64,300,4,16.1,NaN,43.63,-72.3
2020-01-28 00:53:00,1003.0,1002.4,3,-2,70,0,0,16.1,NaN,43.63,-72.3
2020-01-28 01:53:00,1003.2,1002.7,3,-2,70,,2,16.1,NaN,43.63,-72.3
2020-01-28 02:53:00,1003.5,1003.1,3,-3,67,340,2,16.1,NaN,43.63,-72.3
2020-01-28 03:53:00,1003.5,1003.1,2,-3,70,330,2,16.1,NaN,43.63,-72.3
2020-01-28 04:53:00,1003.9,1003.4,2,-3,67,320,2,16.1,NaN,43.63,-72.3
2020-01-28 05:53:00,1004.0,1003.4,2,-3,72,350,2,16.1,NaN,43.63,-72.3
2020-01-28 06:53:00,1004.5,1004.1,2,-3,69,300,4,16.1,NaN,43.63,-72.3
2020-01-28 07:53:00,1004.7,1004.4,2,-3,69,330,3,16.1,NaN,43.63,-72.3
2020-01-28 08:53:00,1005.0,1004.4,1,-3,75,310,2,16.1,NaN,43.63,-72.3
2020-01-28 09:53:00,1005.3,1004.8,1,-3,72,310,2,16.1,NaN,43.63,-72.3
2020-01-28 10:53:00,1005.7,1005.1,1,-3,72,320,3,16.1,NaN,43.63,-72.3
2020-01-28 11:53:00,1006.3,1005.8,1,-4,67,320,2,16.1,NaN,43.63,-72.3
2020-01-28 12:53:00,1007.0,1006.4,1,-4,67,320,3,16.1,NaN,43.63,-72.3
2020-01-28 13:53:00,1007.5,1007.1,1,-4,67,320,2,16.1,NaN,43.63,-72.3
2020-01-28 14:53:00,1008.0,1007.5,2,-5,61,310,3,16.1,NaN,43.63,-72.3
2020-01-28 15:53:00,1008.3,1007.8,2,-7,54,340,5,16.1,NaN,43.63,-72.3
2020-01-28 16:53:00,1007.9,1007.5,2,-7,54,320,4,16.1,NaN,43.63,-72.3
2020-01-28 17:53:00,1007.6,1007.1,1,-6,59,330,5,16.1,NaN,43.63,-72.3
2020-01-28 18:53:00,1007.7,1007.1,1,-7,56,330,3,16.1,NaN,43.63,-72.3
2020-01-28 19:53:00,1008.2,1007.8,1,-7,56,340,5,16.1,NaN,43.63,-72.3
2020-01-28 20:53:00,1008.9,1008.1,0,-7,61,10,7,16.1,NaN,43.63,-72.3
2020-01-28 21:53:00,1009.9,1009.2,0,-7,61,360,6,16.1,NaN,43.63,-72.3
2020-01-28 22:53:00,1010.6,1009.8,-1,-7,63,10,5,16.1,NaN,43.63,-72.3
2020-01-28 22:53:00,1010.6,1009.8,-1,-7,63,10,5,16.1,NaN,43.63,-72.3
2020-01-28 23:53:00,1011.1,1010.5,-1,-7,63,340,6,16.1,NaN,43.63,-72.3
2020-01-29 00:53:00,1011.8,1010.8,-1,-7,66,330,3,16.1,NaN,43.63,-72.3
2020-01-29 01:53:00,1012.3,1011.5,-1,-7,63,320,5,16.1,NaN,43.63,-72.3
2020-01-29 02:53:00,1012.7,1011.9,-1,-8,60,340,5,16.1,NaN,43.63,-72.3
2020-01-29 03:53:00,1013.1,1012.2,-2,-8,63,320,3,16.1,NaN,43.63,-72.3
2020-01-29 04:53:00,1013.4,1012.5,-2,-8,61,320,4,16.1,NaN,43.63,-72.3
2020-01-29 05:53:00,1013.5,1012.9,-2,-8,61,320,5,16.1,NaN,43.63,-72.3
2020-01-29 06:53:00,1013.9,1013.2,-2,-8,61,330,3,16.1,NaN,43.63,-72.3
2020-01-29 07:53:00,1014.1,1013.2,-2,-9,58,330,4,16.1,NaN,43.63,-72.3
2020-01-29 08:53:00,1014.5,1013.6,-2,-9,60,340,4,16.1,NaN,43.63,-72.3
2020-01-29 09:53:00,1014.9,1013.9,-3,-9,60,340,4,16.1,NaN,43.63,-72.3
2020-01-29 10:53:00,1015.9,1014.9,-4,-10,63,320,4,16.1,NaN,43.63,-72.3
2020-01-29 11:53:00,1017.0,1015.9,-4,-10,65,340,3,16.1,NaN,43.63,-72.3
2020-01-29 12:53:00,1017.8,1016.6,-5,-11,65,340,3,16.1,NaN,43.63,-72.3
2020-01-29 13:53:00,1018.4,1017.3,-3,-11,57,320,3,16.1,NaN,43.63,-72.3
2020-01-29 14:53:00,1018.8,1018.0,-2,-11,51,340,5,16.1,NaN,43.63,-72.3
2020-01-29 15:53:00,1018.8,1018.0,-2,-11,49,310,5,16.1,NaN,43.63,-72.3
2020-01-29 16:53:00,1018.2,1017.3,0,-12,39,330,6,16.1,NaN,43.63,-72.3
2020-01-29 17:53:00,1017.8,1016.9,0,-13,38,300,4,16.1,NaN,43.63,-72.3
2020-01-29 18:53:00,1017.9,1017.3,1,-13,36,360,6,16.1,NaN,43.63,-72.3
2020-01-29 19:53:00,1018.6,1018.0,1,-13,34,340,3,16.1,NaN,43.63,-72.3
2020-01-29 20:53:00,1019.1,1018.3,-1,-14,34,360,5,16.1,NaN,43.63,-72.3
2020-01-29 21:53:00,1019.9,1019.0,-2,-15,37,360,4,16.1,NaN,43.63,-72.3
2020-01-29 22:53:00,1021.0,1020.0,-4,-15,42,10,5,16.1,NaN,43.63,-72.3
2020-01-29 22:53:00,1021.0,1020.0,-4,-15,42,10,5,16.1,NaN,43.63,-72.3
2020-01-29 23:53:00,1022.0,1020.7,-5,-16,43,10,6,16.1,NaN,43.63,-72.3
2020-01-30 00:53:00,1023.0,1021.7,-6,-14,52,360,5,16.1,NaN,43.63,-72.3
2020-01-30 01:53:00,1023.8,1022.7,-7,-15,54,20,5,16.1,NaN,43.63,-72.3
2020-01-30 02:53:00,1024.5,1023.4,-8,-16,56,20,5,16.1,NaN,43.63,-72.3
2020-01-30 03:53:00,1025.1,1023.7,-9,-16,58,350,4,16.1,NaN,43.63,-72.3
2020-01-30 04:53:00,1025.6,1024.4,-9,-16,58,10,3,16.1,NaN,43.63,-72.3
2020-01-30 05:53:00,1025.9,1024.7,-10,-16,61,20,2,16.1,NaN,43.63,-72.3
2020-01-30 06:53:00,1026.7,1025.4,-11,-16,67,0,0,16.1,NaN,43.63,-72.3
2020-01-30 07:53:00,1026.6,1025.4,-12,-16,70,360,2,16.1,NaN,43.63,-72.3
2020-01-30 08:53:00,1026.8,1025.4,-11,-16,67,340,2,16.1,NaN,43.63,-72.3
2020-01-30 09:53:00,1027.1,1025.4,-13,-17,73,170,2,16.1,NaN,43.63,-72.3
2020-01-30 10:53:00,1027.5,1025.7,-13,-17,76,0,0,16.1,NaN,43.63,-72.3
2020-01-30 11:53:00,1028.2,1026.4,-14,-17,79,0,0,16.1,NaN,43.63,-72.3
2020-01-30 12:53:00,1028.6,1026.8,-13,-16,79,0,0,16.1,NaN,43.63,-72.3
2020-01-30 13:53:00,1028.8,1027.1,-12,-15,76,0,0,16.1,NaN,43.63,-72.3
2020-01-30 14:53:00,1028.9,1027.1,-9,-15,64,0,0,16.1,NaN,43.63,-72.3
2020-01-30 15:53:00,1028.5,1027.1,-7,-15,52,0,0,16.1,NaN,43.63,-72.3
2020-01-30 16:53:00,1027.6,1026.1,-5,-14,48,0,0,16.1,NaN,43.63,-72.3
2020-01-30 17:53:00,1027.1,1025.7,-4,-15,42,180,2,16.1,NaN,43.63,-72.3
2020-01-30 18:53:00,1026.6,1025.1,-3,-16,37,0,0,16.1,NaN,43.63,-72.3
2020-01-30 19:53:00,1026.9,1025.4,-1,-16,32,0,0,16.1,NaN,43.63,-72.3
2020-01-30 20:53:00,1026.8,1025.4,-1,-15,34,60,2,16.1,NaN,43.63,-72.3
2020-01-30 21:53:00,1026.9,1025.4,-4,-12,55,0,0,16.1,NaN,43.63,-72.3
2020-01-30 22:53:00,1027.3,1025.7,-6,-11,65,0,0,16.1,NaN,43.63,-72.3
2020-01-30 22:53:00,1027.3,1025.7,-6,-11,65,0,0,16.1,NaN,43.63,-72.3
2020-01-30 23:53:00,1027.7,1025.7,-7,-12,70,0,0,16.1,NaN,43.63,-72.3
2020-01-31 00:53:00,1027.6,1025.7,-7,-12,70,0,0,16.1,NaN,43.63,-72.3
2020-01-31 01:53:00,1027.8,1026.1,-7,-12,70,0,0,16.1,NaN,43.63,-72.3
2020-01-31 02:53:00,1027.6,1026.1,-7,-12,68,0,0,16.1,NaN,43.63,-72.3
2020-01-31 03:53:00,1027.7,1026.1,-8,-12,73,0,0,16.1,NaN,43.63,-72.3
2020-01-31 04:53:00,1027.5,1026.1,-8,-12,73,0,0,16.1,NaN,43.63,-72.3
2020-01-31 05:53:00,1027.4,1026.1,-9,-13,76,0,0,16.1,NaN,43.63,-72.3
2020-01-31 06:53:00,1027.5,1026.1,-10,-13,80,0,0,16.1,NaN,43.63,-72.3
2020-01-31 07:53:00,1027.3,1026.1,-11,-13,81,0,0,16.1,NaN,43.63,-72.3
2020-01-31 08:53:00,1027.5,1026.1,-11,-14,80,0,0,16.1,NaN,43.63,-72.3
2020-01-31 09:53:00,1027.4,1025.7,-12,-14,80,0,0,16.1,NaN,43.63,-72.3
2020-01-31 10:53:00,1027.8,1026.1,-12,-15,80,0,0,16.1,NaN,43.63,-72.3
2020-01-31 11:53:00,1028.2,1026.4,-13,-16,80,0,0,16.1,NaN,43.63,-72.3
2020-01-31 12:53:00,1028.3,1026.4,-13,-16,80,0,0,16.1,NaN,43.63,-72.3
2020-01-31 13:53:00,1028.3,1026.8,-9,-13,76,0,0,16.1,NaN,43.63,-72.3
2020-01-31 14:53:00,1027.9,1026.4,-7,-12,68,0,0,16.1,NaN,43.63,-72.3
2020-01-31 15:53:00,1027.2,1025.7,-4,-11,57,340,2,16.1,NaN,43.63,-72.3
2020-01-31 16:53:00,1026.2,1025.1,-2,-11,51,0,0,16.1,NaN,43.63,-72.3
2020-01-31 17:53:00,1025.4,1024.1,0,-11,45,250,2,16.1,NaN,43.63,-72.3
2020-01-31 18:53:00,1024.5,1023.4,1,-9,45,0,0,16.1,NaN,43.63,-72.3
2020-01-31 19:53:00,1024.5,1023.4,2,-9,44,0,0,16.1,NaN,43.63,-72.3
2020-01-31 20:53:00,1024.3,1023.0,2,-9,44,0,0,16.1,NaN,43.63,-72.3
2020-01-31 21:53:00,1023.5,1022.4,1,-6,61,0,0,16.1,NaN,43.63,-72.3
2020-01-31 22:53:00,1023.6,1022.4,-1,-6,66,0,0,16.1,,43.63,-72.3
2020-01-31 22:53:00,1023.6,1022.4,-1,-6,66,0,0,16.1,NaN,43.63,-72.3
2020-01-31 23:53:00,1023.7,1022.4,-1,-6,69,180,2,16.1,,43.63,-72.3
2020-02-01 00:53:00,1023.4,1022.0,0,-7,61,0,0,16.1,,43.63,-72.3
2020-02-01 01:53:00,1023.4,1022.0,0,-6,66,180,2,16.1,,43.63,-72.3
2020-02-01 02:53:00,1022.6,1021.3,0,-5,69,0,0,16.1,,43.63,-72.3
2020-02-01 03:53:00,1021.5,1020.3,-1,-4,75,0,0,16.1,,43.63,-72.3
2020-02-01 04:53:00,1020.5,1019.7,-1,-4,75,0,0,16.1,,43.63,-72.3
2020-02-01 05:53:00,1020.2,1019.3,-1,-4,75,0,0,16.1,,43.63,-72.3
2020-02-01 06:53:00,1019.3,1018.6,-1,-4,75,0,0,16.1,,43.63,-72.3
2020-02-01 07:53:00,1018.6,1018.0,-1,-5,72,0,0,16.1,,43.63,-72.3
2020-02-01 08:53:00,1017.9,1017.3,-1,-5,72,0,0,16.1,,43.63,-72.3
2020-02-01 09:53:00,1017.7,1016.9,-1,-5,72,0,0,16.1,,43.63,-72.3
2020-02-01 10:53:00,1017.0,1016.3,-1,-5,72,0,0,14.5,-SN,43.63,-72.3
2020-02-01 11:53:00,1016.6,1015.9,-1,-4,78,0,0,14.5,,43.63,-72.3
2020-02-01 12:53:00,1016.4,1015.6,-1,-5,75,0,0,16.1,,43.63,-72.3
2020-02-01 13:53:00,1016.2,1015.2,0,-4,72,360,2,16.1,,43.63,-72.3
2020-02-01 14:53:00,1015.3,1014.6,1,-4,67,0,0,16.1,,43.63,-72.3
2020-02-01 15:53:00,1014.5,1013.9,2,-3,69,0,0,16.1,,43.63,-72.3
2020-02-01 16:53:00,1013.2,1012.5,3,-3,67,0,0,16.1,,43.63,-72.3
2020-02-01 17:53:00,1011.5,1010.8,3,-3,64,350,2,16.1,,43.63,-72.3
2020-02-01 18:53:00,1009.7,1009.2,3,-3,64,360,2,16.1,,43.63,-72.3
2020-02-01 19:53:00,1009.2,1008.5,3,-3,64,0,0,16.1,,43.63,-72.3
2020-02-01 20:53:00,1008.8,1008.1,3,-3,64,0,0,16.1,,43.63,-72.3
2020-02-01 21:53:00,1008.1,1007.5,2,-2,75,0,0,16.1,,43.63,-72.3
2020-02-01 22:53:00,1007.7,1007.1,1,-3,75,0,0,16.1,,43.63,-72.3
2020-02-01 22:53:00,1007.7,1007.1,1,-3,75,0,0,16.1,NaN,43.63,-72.3
2020-02-02 02:53:00,1005.9,1005.1,1,-3,78,300,2,14.5,NaN,43.63,-72.3
2020-02-02 03:53:00,1005.1,1004.4,1,-3,78,0,0,14.5,NaN,43.63,-72.3
2020-02-02 04:53:00,1004.2,1003.7,1,-3,78,0,0,14.5,NaN,43.63,-72.3
2020-02-02 05:53:00,1003.5,1003.1,0,-4,75,330,3,16.1,NaN,43.63,-72.3
2020-02-02 06:53:00,1002.9,1002.4,0,-4,75,0,0,16.1,NaN,43.63,-72.3
2020-02-02 07:53:00,1002.3,1001.7,0,-4,72,0,0,16.1,NaN,43.63,-72.3
2020-02-02 08:53:00,1001.6,1001.0,0,-4,72,0,0,16.1,NaN,43.63,-72.3
2020-02-02 09:53:00,1001.3,1000.7,-1,-5,72,330,2,16.1,NaN,43.63,-72.3
2020-02-02 10:53:00,1001.2,1000.7,-1,-6,69,330,2,16.1,NaN,43.63,-72.3
2020-02-02 11:53:00,1001.2,1000.3,-1,-5,72,330,2,16.1,NaN,43.63,-72.3
2020-02-02 12:53:00,1001.1,1000.3,-1,-6,69,330,2,16.1,NaN,43.63,-72.3
2020-02-02 13:53:00,1001.1,1000.3,-1,-6,69,320,2,16.1,NaN,43.63,-72.3
2020-02-02 14:53:00,1000.5,999.7,-1,-6,69,330,2,16.1,NaN,43.63,-72.3
2020-02-02 15:53:00,999.9,999.3,1,-6,63,280,2,16.1,NaN,43.63,-72.3
2020-02-02 16:53:00,998.9,998.3,1,-6,63,200,2,16.1,NaN,43.63,-72.3
2020-02-02 17:53:00,997.7,997.0,1,-5,64,230,2,16.1,NaN,43.63,-72.3
2020-02-02 18:53:00,997.0,996.3,2,-6,56,0,0,16.1,NaN,43.63,-72.3
2020-02-02 19:53:00,996.7,995.9,2,-7,52,330,3,16.1,NaN,43.63,-72.3
2020-02-02 20:53:00,996.4,995.9,3,-7,50,330,3,16.1,NaN,43.63,-72.3
2020-02-02 21:53:00,997.3,996.6,2,-7,54,280,2,16.1,NaN,43.63,-72.3
2020-02-02 22:53:00,998.0,997.3,0,-6,64,0,0,16.1,NaN,43.63,-72.3
2020-02-02 22:53:00,998.0,997.3,0,-6,64,0,0,16.1,NaN,43.63,-72.3
2020-02-02 23:53:00,998.6,998.0,-1,-5,72,0,0,16.1,NaN,43.63,-72.3
2020-02-03 00:53:00,998.9,998.3,-1,-5,72,0,0,16.1,NaN,43.63,-72.3
2020-02-03 01:53:00,999.2,998.7,-1,-5,72,0,0,16.1,NaN,43.63,-72.3
2020-02-03 02:53:00,999.3,998.3,-2,-6,78,0,0,16.1,NaN,43.63,-72.3
2020-02-03 03:53:00,999.4,998.7,-3,-7,74,0,0,16.1,NaN,43.63,-72.3
2020-02-03 04:53:00,999.4,998.7,-3,-6,78,0,0,16.1,NaN,43.63,-72.3
2020-02-03 05:53:00,999.6,999.0,-2,-5,81,0,0,16.1,NaN,43.63,-72.3
2020-02-03 06:53:00,1000.3,999.7,-2,-4,82,190,2,16.1,NaN,43.63,-72.3
2020-02-03 07:53:00,1000.7,1000.0,-3,-6,81,0,0,16.1,NaN,43.63,-72.3
2020-02-03 08:53:00,1001.6,1000.7,-3,-5,85,0,0,16.1,NaN,43.63,-72.3
2020-02-03 09:53:00,1002.7,1001.7,-4,-6,85,190,2,16.1,NaN,43.63,-72.3
2020-02-03 10:53:00,1004.4,1003.4,-2,-5,81,170,2,16.1,NaN,43.63,-72.3
2020-02-03 11:53:00,1005.0,1004.1,-2,-5,81,160,2,16.1,NaN,43.63,-72.3
2020-02-03 12:53:00,1006.3,1005.4,-2,-4,82,190,2,16.1,NaN,43.63,-72.3
2020-02-03 13:53:00,1006.8,1006.1,0,-4,75,0,0,16.1,NaN,43.63,-72.3
2020-02-03 14:53:00,1007.2,1006.4,1,-3,72,240,2,16.1,NaN,43.63,-72.3
2020-02-03 15:53:00,1007.6,1006.8,3,-3,64,200,4,16.1,NaN,43.63,-72.3
2020-02-03 16:53:00,1007.2,1006.4,5,-3,57,250,4,16.1,NaN,43.63,-72.3
2020-02-03 17:53:00,1006.6,1006.1,5,-3,57,260,4,16.1,NaN,43.63,-72.3
2020-02-03 18:53:00,1006.5,1006.1,5,-2,60,270,3,16.1,NaN,43.63,-72.3
2020-02-03 19:53:00,1007.2,1006.4,5,-2,60,250,3,16.1,NaN,43.63,-72.3
2020-02-03 20:53:00,1008.2,1007.5,6,-3,55,270,7,16.1,NaN,43.63,-72.3
2020-02-03 21:53:00,1009.0,1008.5,5,-3,57,260,5,16.1,NaN,43.63,-72.3
2020-02-03 22:53:00,1010.3,1009.8,5,-3,57,290,4,16.1,NaN,43.63,-72.3
2020-02-03 22:53:00,1010.3,1009.8,5,-3,57,290,4,16.1,NaN,43.63,-72.3
2020-02-03 23:53:00,1011.4,1010.8,4,-3,60,0,0,16.1,NaN,43.63,-72.3
2020-02-04 00:53:00,1011.2,1010.5,1,-3,72,0,0,16.1,NaN,43.63,-72.3
2020-02-04 01:53:00,1012.0,1011.2,0,-3,78,0,0,16.1,NaN,43.63,-72.3
2020-02-04 02:53:00,1012.0,1011.2,-2,-4,85,0,0,16.1,NaN,43.63,-72.3
2020-02-04 03:53:00,1012.4,1011.5,-2,-4,85,170,2,16.1,NaN,43.63,-72.3
2020-02-04 04:53:00,1012.1,1011.5,-3,-6,84,0,0,16.1,NaN,43.63,-72.3
2020-02-04 05:53:00,1011.7,1011.2,-4,-6,88,0,0,16.1,NaN,43.63,-72.3
2020-02-04 06:53:00,1011.5,1010.8,-4,-7,84,0,0,16.1,NaN,43.63,-72.3
2020-02-04 07:53:00,1011.5,1010.8,-3,-5,88,0,0,16.1,NaN,43.63,-72.3
2020-02-04 08:53:00,1011.3,1010.5,-2,-4,88,0,0,16.1,NaN,43.63,-72.3
2020-02-04 09:53:00,1011.3,1010.8,-2,-4,85,0,0,16.1,NaN,43.63,-72.3
2020-02-04 10:53:00,1010.9,1010.2,-2,-3,89,0,0,16.1,NaN,43.63,-72.3
2020-02-04 11:53:00,1010.9,1010.2,-2,-4,85,0,0,16.1,NaN,43.63,-72.3
2020-02-04 12:53:00,1010.7,1009.8,-2,-3,89,0,0,14.5,NaN,43.63,-72.3
2020-02-04 13:53:00,1010.9,1010.2,-1,-3,82,0,0,16.1,NaN,43.63,-72.3
2020-02-04 14:53:00,1010.7,1009.8,0,-3,78,0,0,16.1,NaN,43.63,-72.3
2020-02-04 15:53:00,1009.8,1009.2,2,-3,72,0,0,16.1,NaN,43.63,-72.3
2020-02-04 16:53:00,1009.0,1008.1,3,-2,70,0,0,16.1,NaN,43.63,-72.3
2020-02-04 17:53:00,1008.0,1007.1,4,-2,64,0,0,16.1,NaN,43.63,-72.3
2020-02-04 18:53:00,,1006.1,4,-2,65,0,0,16.1,NaN,43.63,-72.3
2020-02-04 19:53:00,1006.8,1006.1,5,-2,60,340,2,16.1,NaN,43.63,-72.3
2020-02-04 20:53:00,1007.3,1006.8,4,-1,67,0,0,16.1,NaN,43.63,-72.3
2020-02-04 21:53:00,1007.5,1006.8,2,-2,75,0,0,16.1,NaN,43.63,-72.3
2020-02-04 22:53:00,1008.3,1007.5,1,-2,79,0,0,16.1,NaN,43.63,-72.3
2020-02-04 22:53:00,1008.3,1007.5,1,-2,79,0,0,16.1,NaN,43.63,-72.3
2020-02-04 23:53:00,1008.7,1007.8,1,-2,82,0,0,16.1,NaN,43.63,-72.3
2020-02-05 00:53:00,1009.1,1008.5,1,-2,79,50,2,16.1,NaN,43.63,-72.3
2020-02-05 01:53:00,1009.2,1008.5,1,-2,82,160,2,16.1,NaN,43.63,-72.3
2020-02-05 02:53:00,1009.4,1008.8,1,-2,79,360,2,16.1,NaN,43.63,-72.3
2020-02-05 03:53:00,1009.8,1009.2,1,-2,79,0,0,16.1,NaN,43.63,-72.3
2020-02-05 04:53:00,1010.2,1009.5,1,-2,79,160,2,16.1,NaN,43.63,-72.3
2020-02-05 05:53:00,1010.0,1009.5,1,-2,82,0,0,16.1,NaN,43.63,-72.3
2020-02-05 06:53:00,1010.6,1009.8,1,-3,75,0,0,16.1,NaN,43.63,-72.3
2020-02-05 07:53:00,1010.4,1009.8,1,-3,75,0,0,16.1,NaN,43.63,-72.3
2020-02-05 08:53:00,1011.1,1010.5,2,-3,69,0,0,16.1,NaN,43.63,-72.3
2020-02-05 09:53:00,1012.0,1011.5,1,-4,67,350,2,16.1,NaN,43.63,-72.3
2020-02-05 10:53:00,1012.8,1012.2,2,-6,56,340,3,16.1,NaN,43.63,-72.3
2020-02-05 11:53:00,1014.3,1013.6,1,-7,56,350,5,16.1,NaN,43.63,-72.3
2020-02-05 12:53:00,1015.8,1014.9,0,-8,56,360,5,16.1,NaN,43.63,-72.3
2020-02-05 13:53:00,1017.4,1016.6,-1,-10,49,330,4,16.1,NaN,43.63,-72.3
2020-02-05 14:53:00,1018.1,1017.3,0,-11,45,330,5,16.1,NaN,43.63,-72.3
2020-02-05 15:53:00,1018.3,1017.6,1,-11,41,320,4,16.1,NaN,43.63,-72.3
2020-02-05 16:53:00,1017.9,1017.3,1,-11,41,320,5,16.1,NaN,43.63,-72.3
2020-02-05 17:53:00,1018.4,1017.6,1,-11,41,290,4,16.1,NaN,43.63,-72.3
2020-02-05 18:53:00,1018.5,1018.0,1,-11,40,330,6,16.1,NaN,43.63,-72.3
2020-02-05 19:53:00,1018.4,1017.6,1,-13,33,300,3,16.1,NaN,43.63,-72.3
2020-02-05 20:53:00,1017.9,1017.3,0,-14,34,340,3,16.1,NaN,43.63,-72.3
2020-02-05 21:53:00,1019.1,1018.3,-1,-13,41,360,2,16.1,NaN,43.63,-72.3
2020-02-05 22:53:00,1019.8,1019.0,-3,-12,48,0,0,16.1,,43.63,-72.3
2020-02-05 22:53:00,1019.8,1019.0,-3,-12,48,0,0,16.1,NaN,43.63,-72.3
2020-02-05 23:53:00,1019.7,1018.6,-3,-12,50,40,4,16.1,,43.63,-72.3
2020-02-06 00:53:00,1019.5,1018.6,-3,-13,48,0,0,16.1,,43.63,-72.3
2020-02-06 01:53:00,1019.3,1018.3,-3,-12,52,340,2,16.1,,43.63,-72.3
2020-02-06 02:53:00,1019.3,1018.3,-3,-13,46,340,2,16.1,,43.63,-72.3
2020-02-06 03:53:00,1018.2,1017.3,-3,-13,46,20,2,16.1,,43.63,-72.3
2020-02-06 04:53:00,1017.2,1016.3,-3,-13,48,350,2,16.1,,43.63,-72.3
2020-02-06 05:53:00,1015.5,1014.6,-3,-12,50,350,2,16.1,,43.63,-72.3
2020-02-06 06:53:00,1016.0,1015.2,-3,-12,50,0,0,16.1,,43.63,-72.3
2020-02-06 07:50:00,1015.8,1014.9,-4,-11,60,290,2,4.0,-SN,43.63,-72.3
2020-02-06 08:53:00,1015.6,1014.6,-6,-8,84,0,0,0.4,SN FZFG,43.63,-72.3
2020-02-06 09:53:00,1013.7,1012.5,-5,-7,85,0,0,1.6,-SN FG,43.63,-72.3
2020-02-06 10:53:00,1013.4,1012.2,-4,-7,84,10,2,2.0,-SN FG,43.63,-72.3
2020-02-06 11:53:00,1012.5,1011.5,-4,-7,84,10,2,1.6,-SN FG,43.63,-72.3
2020-02-06 12:53:00,1011.6,1010.5,-4,-6,85,20,2,1.6,-SN FG,43.63,-72.3
2020-02-06 13:53:00,1010.1,1009.2,-4,-7,84,350,2,2.0,-SN FG,43.63,-72.3
2020-02-06 14:53:00,1009.2,1008.1,-4,-6,85,320,2,2.8,-SN FG,43.63,-72.3
2020-02-06 15:53:00,1007.7,1006.4,-4,-6,88,360,2,8.0,FG,43.63,-72.3
2020-02-06 16:53:00,1007.1,1006.1,-3,-5,88,0,0,4.0,FG,43.63,-72.3
2020-02-06 17:53:00,1005.2,1004.4,-3,-4,89,0,0,2.8,UP FG,43.63,-72.3
2020-02-06 18:53:00,1004.4,1003.4,-2,-3,89,0,0,4.0,UP FG,43.63,-72.3
2020-02-06 19:53:00,1003.6,1002.7,-1,-3,85,40,3,4.0,FG,43.63,-72.3
2020-02-06 20:53:00,1003.3,1002.4,0,-3,81,40,2,4.0,HZ,43.63,-72.3
2020-02-06 21:53:00,1003.3,1002.4,0,-2,85,50,2,8.0,FG,43.63,-72.3
2020-02-06 22:53:00,1002.9,1002.0,0,-2,88,0,0,3.2,FG,43.63,-72.3
2020-02-06 22:53:00,1002.9,1002.0,0,-2,88,0,0,3.2,FG,43.63,-72.3
2020-02-06 23:48:00,1002.4,1001.4,0,-2,88,0,0,12.9,,43.63,-72.3
2020-02-07 00:53:00,1001.5,1000.7,0,-2,88,0,0,9.7,FG,43.63,-72.3
2020-02-07 01:53:00,998.8,998.0,1,-2,82,,2,16.1,,43.63,-72.3
2020-02-07 02:53:00,998.5,997.6,0,-2,85,280,2,16.1,,43.63,-72.3
2020-02-07 03:53:00,999.2,998.3,0,-2,88,0,0,14.5,,43.63,-72.3
2020-02-07 04:53:00,999.0,998.3,-1,-2,92,180,2,6.4,FG,43.63,-72.3
2020-02-07 05:53:00,998.0,997.3,0,-2,85,,3,16.1,,43.63,-72.3
2020-02-07 06:53:00,996.6,995.9,0,-2,88,280,2,8.0,FG,43.63,-72.3
2020-02-07 07:53:00,995.4,994.6,0,-1,92,0,0,4.8,FG,43.63,-72.3
2020-02-07 08:53:00,993.6,992.9,0,-1,92,0,0,1.2,FG,43.63,-72.3
2020-02-07 09:53:00,993.1,992.6,0,-2,88,0,0,9.7,UP FG,43.63,-72.3
2020-02-07 10:53:00,991.7,991.2,1,-1,88,270,2,16.1,,43.63,-72.3
2020-02-07 11:53:00,990.6,989.8,1,-2,85,0,0,8.0,-FZRA FG,43.63,-72.3
2020-02-07 12:53:00,989.1,988.5,1,-1,88,0,0,2.0,-RA FG,43.63,-72.3
2020-02-07 13:53:00,987.4,986.8,1,-1,92,40,2,2.0,-FZRA FG,43.63,-72.3
2020-02-07 14:53:00,985.8,985.1,1,-1,88,40,4,2.4,-RA FG,43.63,-72.3
2020-02-07 15:53:00,983.0,982.4,1,-1,85,,2,2.8,-RA FG,43.63,-72.3
2020-02-07 16:53:00,980.3,979.7,1,-1,88,20,2,4.0,-RA FG,43.63,-72.3
2020-02-07 17:53:00,977.0,976.3,1,-1,88,40,2,1.2,-RA -PL FG,43.63,-72.3
2020-02-07 18:53:00,974.5,973.9,1,-1,88,10,2,0.4,-SN FG,43.63,-72.3
2020-02-07 19:53:00,974.4,973.9,1,0,92,0,0,0.4,SN FG,43.63,-72.3
2020-02-07 20:53:00,976.7,976.3,1,0,92,0,0,0.4,SN FG,43.63,-72.3
2020-02-07 21:53:00,980.7,980.0,-1,-4,81,330,6,1.6,-SN,43.63,-72.3
2020-02-07 22:53:00,985.8,985.1,-3,-8,71,290,5,16.1,,43.63,-72.3
2020-02-07 22:53:00,985.8,985.1,-3,-8,71,290,5,16.1,,43.63,-72.3
2020-02-07 23:53:00,989.4,988.5,-4,-9,68,,3,11.3,,43.63,-72.3
2020-02-08 00:53:00,992.4,991.5,-5,-10,68,290,5,16.1,,43.63,-72.3
2020-02-08 01:53:00,995.6,994.6,-6,-11,68,280,4,4.8,HZ,43.63,-72.3
2020-02-08 02:53:00,997.5,996.6,-6,-12,65,310,5,16.1,,43.63,-72.3
2020-02-08 03:53:00,999.3,998.3,-7,-12,68,320,4,16.1,,43.63,-72.3
2020-02-08 04:53:00,1001.3,1000.3,-7,-12,68,,2,16.1,,43.63,-72.3
2020-02-08 05:53:00,1003.3,1002.4,-7,-12,67,280,4,16.1,,43.63,-72.3
2020-02-08 06:53:00,1005.1,1004.1,-7,-12,67,250,3,16.1,,43.63,-72.3
2020-02-08 07:53:00,1007.5,1006.4,-8,-12,71,260,3,16.1,,43.63,-72.3
2020-02-08 08:53:00,1008.5,1007.5,-9,-14,67,230,2,16.1,,43.63,-72.3
2020-02-08 09:53:00,1010.5,1009.2,-10,-14,70,250,3,16.1,,43.63,-72.3
2020-02-08 10:53:00,1012.2,1010.8,-9,-16,58,280,5,16.1,,43.63,-72.3
2020-02-08 11:53:00,1013.7,1012.2,-9,-16,58,270,2,16.1,,43.63,-72.3
2020-02-08 12:53:00,1014.5,1013.2,-9,-16,61,260,5,16.1,,43.63,-72.3
2020-02-08 13:53:00,1015.8,1014.6,-8,-15,56,270,5,16.1,,43.63,-72.3
2020-02-08 14:53:00,1016.8,1015.6,-7,-16,51,250,7,16.1,,43.63,-72.3
2020-02-08 15:53:00,1017.8,1016.6,-6,-15,49,250,9,16.1,,43.63,-72.3
2020-02-08 16:53:00,1018.4,1016.9,-6,-14,50,260,9,16.1,,43.63,-72.3
2020-02-08 17:53:00,1018.7,1017.3,-5,-14,50,260,6,16.1,,43.63,-72.3
2020-02-08 18:53:00,1019.3,1018.0,-5,-14,48,260,8,16.1,,43.63,-72.3
2020-02-08 19:53:00,1020.5,1019.3,-4,-14,46,300,4,16.1,,43.63,-72.3
2020-02-08 20:53:00,1021.8,1020.3,-6,-16,45,300,6,16.1,,43.63,-72.3
2020-02-08 21:53:00,1023.6,1022.0,-7,-14,59,330,4,16.1,,43.63,-72.3
2020-02-08 22:53:00,1025.1,1023.4,-8,-14,61,330,2,16.1,,43.63,-72.3
2020-02-08 22:53:00,1025.1,1023.4,-8,-14,61,330,2,16.1,,43.63,-72.3
2020-02-08 23:53:00,1026.8,1024.7,-14,-16,83,0,0,16.1,,43.63,-72.3
2020-02-09 00:53:00,1027.9,1026.1,-15,-18,79,180,3,16.1,,43.63,-72.3
2020-02-09 01:53:00,1028.5,1026.4,-16,-18,80,0,0,16.1,,43.63,-72.3
2020-02-09 02:53:00,1029.4,1027.4,-16,-19,76,40,2,16.1,,43.63,-72.3
2020-02-09 03:53:00,1030.3,1028.5,-18,-21,79,0,0,16.1,,43.63,-72.3
2020-02-09 04:53:00,1031.2,1029.1,-18,-21,82,60,3,16.1,,43.63,-72.3
2020-02-09 05:53:00,1031.9,1029.8,-19,-23,74,0,0,16.1,,43.63,-72.3
2020-02-09 06:53:00,1032.6,1030.5,-22,-25,75,0,0,16.1,,43.63,-72.3
2020-02-09 07:53:00,1033.0,1030.8,-21,-24,75,50,2,16.1,,43.63,-72.3
2020-02-09 08:53:00,1034.1,1031.8,-22,-25,78,0,0,16.1,,43.63,-72.3
2020-02-09 09:53:00,1034.9,1032.5,-22,-26,71,0,0,16.1,,43.63,-72.3
2020-02-09 10:53:00,1035.4,1033.2,-22,-26,74,0,0,6.4,HZ,43.63,-72.3
2020-02-09 11:53:00,1036.0,1033.5,-22,-26,71,0,0,11.3,,43.63,-72.3
2020-02-09 12:53:00,1036.9,1034.2,-22,-25,78,0,0,11.3,,43.63,-72.3
2020-02-09 13:53:00,1037.2,1034.9,-17,-19,87,0,0,16.1,,43.63,-72.3
2020-02-09 14:53:00,1037.5,1035.2,-16,-18,83,0,0,16.1,,43.63,-72.3
2020-02-09 15:53:00,1037.3,1034.9,-14,-17,76,0,0,16.1,,43.63,-72.3
2020-02-09 16:53:00,1036.3,1034.2,-11,-17,63,0,0,16.1,,43.63,-72.3
2020-02-09 17:53:00,1035.2,1033.2,-8,-14,61,0,0,16.1,,43.63,-72.3
2020-02-09 18:53:00,1034.6,1032.5,-7,-13,64,0,0,16.1,,43.63,-72.3
2020-02-09 19:53:00,1033.9,1031.8,-5,-11,65,0,0,8.0,-SN,43.63,-72.3
2020-02-09 20:53:00,1033.5,1031.5,-5,-10,68,0,0,12.9,,43.63,-72.3
2020-02-09 21:53:00,1033.3,1031.2,-5,-9,71,40,2,12.9,,43.63,-72.3
2020-02-09 22:53:00,1033.6,1031.5,-6,-9,81,0,0,16.1,,43.63,-72.3
2020-02-09 22:53:00,1033.6,1031.5,-6,-9,81,0,0,16.1,,43.63,-72.3
2020-02-09 23:53:00,1033.5,1031.5,-6,-8,81,0,0,6.4,-SN,43.63,-72.3
2020-02-10 00:53:00,1033.4,1031.2,-6,-8,84,0,0,11.3,-SN,43.63,-72.3
2020-02-10 01:53:00,1031.6,1029.8,-6,-8,81,0,0,14.5,-SN,43.63,-72.3
2020-02-10 02:53:00,1030.6,1028.8,-7,-9,84,0,0,16.1,,43.63,-72.3
2020-02-10 03:53:00,1029.3,1027.4,-5,-7,85,0,0,16.1,,43.63,-72.3
2020-02-10 04:53:00,1027.9,1026.4,-4,-7,84,0,0,9.7,-SN FG,43.63,-72.3
2020-02-10 05:53:00,1026.3,1025.1,-4,-6,88,0,0,2.8,-SN FG,43.63,-72.3
2020-02-10 06:53:00,1025.3,1024.1,-3,-5,88,0,0,6.4,-SN FG,43.63,-72.3
2020-02-10 07:53:00,1024.0,1022.7,-3,-6,84,160,2,6.4,-SN FG,43.63,-72.3
2020-02-10 08:53:00,1022.2,1021.0,-3,-5,88,0,0,14.5,,43.63,-72.3
2020-02-10 09:53:00,1020.5,1019.3,-1,-3,82,230,3,4.8,-SN,43.63,-72.3
2020-02-10 10:53:00,1019.3,1018.3,1,-2,82,210,4,6.4,-SN,43.63,-72.3
2020-02-10 11:53:00,1018.4,1017.3,1,-1,85,200,5,8.0,-SN FG,43.63,-72.3
2020-02-10 12:53:00,1017.7,1016.9,2,-1,82,210,4,4.8,-SN,43.63,-72.3
2020-02-10 13:53:00,1017.4,1016.6,2,-1,85,200,4,4.8,-SN FG,43.63,-72.3
2020-02-10 14:53:00,1017.1,1015.9,2,-1,85,200,4,4.8,-SN FG,43.63,-72.3
2020-02-10 15:53:00,1016.7,1015.9,2,0,88,200,3,4.8,-SN FG,43.63,-72.3
2020-02-10 16:53:00,1015.6,1014.9,2,0,85,180,5,16.1,-RA,43.63,-72.3
2020-02-10 17:53:00,1015.3,1014.2,2,0,85,200,3,16.1,,43.63,-72.3
2020-02-10 18:53:00,1015.1,1014.2,2,1,89,180,4,16.1,,43.63,-72.3
2020-02-10 19:53:00,1015.3,1014.6,2,1,89,,3,16.1,,43.63,-72.3
2020-02-10 20:53:00,1016.0,1015.2,2,1,89,0,0,16.1,,43.63,-72.3
2020-02-10 21:53:00,1016.9,1016.3,2,1,92,0,0,16.1,,43.63,-72.3
2020-02-10 22:53:00,1017.6,1016.9,2,0,88,0,0,16.1,,43.63,-72.3
2020-02-10 22:53:00,1017.6,1016.9,2,0,88,0,0,16.1,,43.63,-72.3
2020-02-10 23:53:00,1018.5,1017.6,1,-1,92,0,0,8.0,FG,43.63,-72.3
2020-02-11 00:53:00,1019.4,1018.6,0,-1,92,140,2,6.4,FG,43.63,-72.3
2020-02-11 01:53:00,1019.9,1019.3,0,-1,92,0,0,4.8,FG,43.63,-72.3
2020-02-11 02:53:00,1019.7,1019.0,0,-1,92,0,0,0.4,FG,43.63,-72.3
2020-02-11 03:53:00,1020.0,1019.3,0,-1,92,0,0,0.8,FG,43.63,-72.3
2020-02-11 04:53:00,1020.5,1019.7,0,-1,92,0,0,4.0,FG,43.63,-72.3
2020-02-11 05:53:00,1020.3,1019.7,0,-1,92,0,0,0.8,FG,43.63,-72.3
2020-02-11 06:53:00,1019.5,1019.0,0,-1,96,0,0,0.4,FG,43.63,-72.3
2020-02-11 07:53:00,1019.2,1018.6,0,-1,92,0,0,0.4,FG,43.63,-72.3
2020-02-11 08:53:00,1018.1,1017.3,0,-1,92,0,0,2.0,FG,43.63,-72.3
2020-02-11 09:53:00,1018.2,1017.6,-1,-2,92,360,2,0.8,FZFG,43.63,-72.3
2020-02-11 10:53:00,1018.4,1017.6,-1,-1,96,0,0,6.4,FG,43.63,-72.3
2020-02-11 11:53:00,1018.3,1017.6,-1,-2,92,0,0,2.0,-SN FG,43.63,-72.3
2020-02-11 12:53:00,1017.6,1016.6,0,-1,92,0,0,1.2,-SN FG,43.63,-72.3
2020-02-11 13:53:00,1016.6,1015.9,0,-1,92,0,0,2.8,FG,43.63,-72.3
2020-02-11 14:53:00,1015.7,1014.9,0,-1,92,0,0,2.4,FG,43.63,-72.3
2020-02-11 15:53:00,1015.4,1014.6,0,-1,92,0,0,2.4,FG,43.63,-72.3
2020-02-11 16:53:00,1013.1,1012.2,1,-1,92,350,2,3.2,FG,43.63,-72.3
2020-02-11 17:53:00,1011.4,1010.8,1,0,96,0,0,2.8,FG,43.63,-72.3
2020-02-11 18:53:00,1010.9,1010.2,1,0,92,0,0,2.0,FG,43.63,-72.3
2020-02-11 19:53:00,1010.3,1009.5,1,1,96,0,0,1.6,FG,43.63,-72.3
2020-02-11 20:53:00,1009.2,1008.5,2,0,88,50,2,4.8,FG,43.63,-72.3
2020-02-11 21:53:00,1008.3,1007.8,2,1,92,340,2,0.4,FG,43.63,-72.3
2020-02-11 22:53:00,1008.6,1007.8,2,1,92,0,0,1.6,FG,43.63,-72.3
2020-02-11 22:53:00,1008.6,1007.8,2,1,92,0,0,1.6,FG,43.63,-72.3
2020-02-11 23:53:00,1008.6,1008.1,1,0,92,0,0,0.8,FG,43.63,-72.3
2020-02-12 00:53:00,1008.6,1007.8,1,0,92,170,3,2.8,FG,43.63,-72.3
2020-02-12 01:53:00,1008.8,1008.1,1,1,96,0,0,9.7,FG,43.63,-72.3
2020-02-12 02:53:00,1009.0,1008.5,2,-1,85,0,0,12.9,,43.63,-72.3
2020-02-12 03:53:00,1008.7,1008.1,1,-1,85,0,0,16.1,,43.63,-72.3
2020-02-12 04:53:00,1009.9,1009.2,2,-3,69,290,4,16.1,,43.63,-72.3
2020-02-12 05:53:00,1010.2,1009.5,1,-4,69,280,3,16.1,,43.63,-72.3
2020-02-12 06:53:00,1010.4,1009.8,2,-4,64,250,4,16.1,,43.63,-72.3
2020-02-12 07:53:00,1011.0,1010.5,1,-6,61,290,4,16.1,,43.63,-72.3
2020-02-12 08:53:00,1012.2,1011.5,1,-6,61,290,3,16.1,,43.63,-72.3
2020-02-12 09:53:00,1014.0,1013.2,-1,-4,78,280,3,14.5,,43.63,-72.3
2020-02-12 10:53:00,1015.4,1014.6,-1,-7,63,280,4,16.1,,43.63,-72.3
2020-02-12 11:53:00,1016.9,1016.3,-1,-8,58,,3,16.1,,43.63,-72.3
2020-02-12 12:53:00,,1017.3,-1,-7,64,,2,16.1,,43.63,-72.3
2020-02-12 13:53:00,1018.6,1018.0,1,-7,56,0,0,16.1,,43.63,-72.3
2020-02-12 14:53:00,1019.7,1019.0,1,-7,54,300,4,16.1,,43.63,-72.3
2020-02-12 15:53:00,1019.8,1019.3,2,-8,49,,3,16.1,,43.63,-72.3
2020-02-12 16:53:00,1019.4,1018.6,3,-7,48,270,6,16.1,,43.63,-72.3
2020-02-12 17:53:00,1018.8,1018.3,3,-8,46,,2,16.1,,43.63,-72.3
2020-02-12 18:53:00,1018.1,1017.6,3,-8,44,,2,16.1,,43.63,-72.3
2020-02-12 19:53:00,1017.8,1017.3,3,-8,42,220,4,16.1,,43.63,-72.3
2020-02-12 20:53:00,1018.4,1018.0,4,-7,44,190,4,16.1,,43.63,-72.3
2020-02-12 21:53:00,1018.9,1018.3,3,-7,50,190,3,16.1,,43.63,-72.3
2020-02-12 22:53:00,1019.5,1018.6,1,-6,61,180,4,16.1,,43.63,-72.3
2020-02-12 22:53:00,1019.5,1018.6,1,-6,61,180,4,16.1,,43.63,-72.3
2020-02-12 23:53:00,1019.0,1018.3,-1,-6,66,180,3,16.1,,43.63,-72.3
2020-02-13 00:53:00,1018.1,1017.3,-1,-5,75,0,0,16.1,,43.63,-72.3
2020-02-13 01:53:00,1016.5,1015.6,-1,-5,75,0,0,16.1,,43.63,-72.3
2020-02-13 02:53:00,1015.6,1014.9,-1,-5,72,0,0,16.1,,43.63,-72.3
2020-02-13 03:53:00,1014.5,1013.9,0,-5,69,0,0,16.1,,43.63,-72.3
2020-02-13 04:53:00,1013.5,1012.9,0,-4,72,0,0,16.1,,43.63,-72.3
2020-02-13 05:53:00,1012.4,1011.5,-1,-4,75,0,0,16.1,,43.63,-72.3
2020-02-13 06:53:00,1011.8,1011.2,2,-4,66,170,4,14.5,,43.63,-72.3
2020-02-13 07:53:00,1010.5,1009.8,0,-2,88,190,2,2.8,-SN FG,43.63,-72.3
2020-02-13 08:53:00,1008.4,1007.8,0,-2,88,0,0,3.2,-SN FG,43.63,-72.3
2020-02-13 09:53:00,1008.2,1007.5,-1,-2,89,0,0,2.8,-SN FG,43.63,-72.3
2020-02-13 10:53:00,1006.6,1005.8,-1,-2,89,0,0,4.0,FG,43.63,-72.3
2020-02-13 11:53:00,1006.4,1005.8,-1,-2,92,0,0,2.4,-SN FG,43.63,-72.3
2020-02-13 12:53:00,1005.4,1004.8,0,-2,88,0,0,0.8,-SN FG,43.63,-72.3
2020-02-13 13:53:00,1005.1,1004.4,0,-2,88,350,2,1.2,FG,43.63,-72.3
2020-02-13 14:53:00,1004.7,1004.1,1,-1,88,0,0,2.4,FG,43.63,-72.3
2020-02-13 15:53:00,1004.3,1003.7,1,-1,85,0,0,6.4,FG,43.63,-72.3
2020-02-13 16:53:00,1003.6,1003.1,1,-1,85,0,0,3.2,-SN FG,43.63,-72.3
2020-02-13 17:53:00,1002.8,1002.0,2,-1,82,0,0,4.8,HZ,43.63,-72.3
2020-02-13 18:53:00,1001.7,1001.0,2,-1,82,0,0,4.0,-SN,43.63,-72.3
2020-02-13 19:53:00,1002.1,1001.4,2,0,85,0,0,4.0,-SN,43.63,-72.3
2020-02-13 20:53:00,1002.2,1001.4,2,-1,82,0,0,16.1,,43.63,-72.3
2020-02-13 21:53:00,1002.6,1002.0,2,-1,82,0,0,3.2,-SN,43.63,-72.3
2020-02-13 22:53:00,1003.9,1003.4,1,0,92,0,0,9.7,FG,43.63,-72.3
2020-02-13 22:53:00,1003.9,1003.4,1,0,92,0,0,9.7,FG,43.63,-72.3
2020-02-13 23:53:00,1004.9,1004.1,2,0,88,0,0,4.8,-SN FG,43.63,-72.3
2020-02-14 00:53:00,1005.9,1005.4,1,0,92,0,0,3.2,-SN FG,43.63,-72.3
2020-02-14 01:53:00,1007.1,1006.4,2,-2,78,330,3,9.7,-SN FG,43.63,-72.3
2020-02-14 02:53:00,1008.3,1007.5,1,-3,75,320,4,16.1,,43.63,-72.3
2020-02-14 03:53:00,1009.1,1008.5,-1,-5,72,340,3,16.1,,43.63,-72.3
2020-02-14 04:53:00,1010.1,1009.5,-2,-6,72,360,4,16.1,,43.63,-72.3
2020-02-14 05:53:00,1011.1,1010.2,-3,-8,68,20,4,16.1,,43.63,-72.3
2020-02-14 06:53:00,1013.1,1012.2,-5,-11,65,10,5,16.1,,43.63,-72.3
2020-02-14 07:53:00,1015.0,1013.9,-8,-13,65,10,5,16.1,,43.63,-72.3
2020-02-14 08:53:00,1016.5,1015.2,-9,-15,61,350,6,16.1,,43.63,-72.3
2020-02-14 09:53:00,1018.5,1017.3,-10,-16,61,10,6,16.1,,43.63,-72.3
2020-02-14 10:53:00,1020.5,1019.3,-11,-18,58,350,7,16.1,,43.63,-72.3
2020-02-14 11:53:00,1023.0,1021.7,-12,-19,57,10,5,16.1,,43.63,-72.3
2020-02-14 12:53:00,1024.6,1023.0,-13,-21,54,350,5,16.1,,43.63,-72.3
2020-02-14 13:53:00,1025.7,1024.4,-13,-21,52,360,4,16.1,,43.63,-72.3
2020-02-14 14:53:00,1026.5,1025.1,-12,-21,48,330,5,16.1,,43.63,-72.3
2020-02-14 15:53:00,1027.5,1026.1,-12,-21,46,330,6,16.1,,43.63,-72.3
2020-02-14 16:53:00,1027.4,1026.1,-11,-22,40,330,7,16.1,,43.63,-72.3
2020-02-14 17:53:00,1027.5,1026.1,-10,-22,36,360,6,16.1,,43.63,-72.3
2020-02-14 18:53:00,1027.9,1026.4,-9,-22,35,360,4,16.1,,43.63,-72.3
2020-02-14 19:53:00,1029.0,1027.4,-11,-23,34,360,5,16.1,,43.63,-72.3
2020-02-14 20:53:00,1030.2,1028.5,-11,-23,36,350,6,16.1,,43.63,-72.3
2020-02-14 21:53:00,1031.5,1029.5,-12,-23,39,340,5,16.1,,43.63,-72.3
2020-02-14 22:53:00,1032.9,1030.8,-13,-23,41,360,4,16.1,,43.63,-72.3
2020-02-14 22:53:00,1032.9,1030.8,-13,-23,41,360,4,16.1,NaN,43.63,-72.3
2020-02-14 23:53:00,1034.3,1032.2,-15,-24,47,40,3,16.1,NaN,43.63,-72.3
2020-02-15 00:53:00,1035.2,1032.9,-14,-23,47,350,2,16.1,NaN,43.63,-72.3
2020-02-15 01:53:00,1035.8,1033.5,-17,-23,59,40,2,16.1,NaN,43.63,-72.3
2020-02-15 02:53:00,1036.4,1034.2,-18,-23,62,0,0,16.1,NaN,43.63,-72.3
2020-02-15 03:53:00,1036.9,1034.6,-20,-24,68,0,0,16.1,NaN,43.63,-72.3
2020-02-15 04:53:00,1037.0,1034.6,-21,-25,71,0,0,16.1,NaN,43.63,-72.3
2020-02-15 05:53:00,1037.4,1034.9,-22,-26,74,0,0,16.1,NaN,43.63,-72.3
2020-02-15 06:53:00,1037.3,1034.9,-22,-26,71,0,0,16.1,NaN,43.63,-72.3
2020-02-15 07:53:00,1038.0,1035.6,-23,-27,70,170,2,16.1,NaN,43.63,-72.3
2020-02-15 08:53:00,1038.1,1035.6,-23,-27,70,0,0,16.1,NaN,43.63,-72.3
2020-02-15 09:53:00,1038.8,1036.2,-24,-27,74,0,0,16.1,NaN,43.63,-72.3
2020-02-15 10:53:00,1039.1,1036.2,-24,-28,73,0,0,16.1,NaN,43.63,-72.3
2020-02-15 11:53:00,1038.9,1036.2,-23,-27,70,0,0,16.1,NaN,43.63,-72.3
2020-02-15 12:53:00,1039.0,1036.2,-23,-25,82,0,0,16.1,NaN,43.63,-72.3
2020-02-15 13:53:00,1039.1,1036.6,-20,-23,78,0,0,16.1,NaN,43.63,-72.3
2020-02-15 14:53:00,1038.1,1035.6,-17,-22,65,0,0,16.1,NaN,43.63,-72.3
2020-02-15 15:53:00,1037.2,1034.9,-14,-21,55,0,0,16.1,NaN,43.63,-72.3
2020-02-15 16:53:00,1035.4,1033.2,-9,-19,46,0,0,16.1,NaN,43.63,-72.3
2020-02-15 17:53:00,1033.0,1030.8,-7,-18,41,0,0,16.1,NaN,43.63,-72.3
2020-02-15 18:53:00,1031.2,1029.1,-6,-17,43,170,6,16.1,NaN,43.63,-72.3
2020-02-15 19:53:00,1030.3,1028.1,-5,-16,41,180,5,16.1,NaN,43.63,-72.3
2020-02-15 20:53:00,1029.8,1027.8,-5,-16,43,200,4,16.1,NaN,43.63,-72.3
2020-02-15 21:53:00,1029.1,1026.8,-6,-15,49,190,2,16.1,NaN,43.63,-72.3
2020-02-15 22:53:00,1028.6,1026.4,-7,-14,56,180,2,16.1,,43.63,-72.3
2020-02-15 22:53:00,1028.6,1026.4,-7,-14,56,180,2,16.1,NaN,43.63,-72.3
2020-02-15 23:53:00,1027.5,1025.4,-7,-16,49,180,3,16.1,,43.63,-72.3
2020-02-16 00:53:00,1026.3,1024.1,-6,-16,43,180,6,16.1,,43.63,-72.3
2020-02-16 01:53:00,1025.6,1023.7,-6,-16,45,200,5,16.1,,43.63,-72.3
2020-02-16 02:53:00,1024.2,1022.4,-6,-16,47,180,5,16.1,,43.63,-72.3
2020-02-16 03:53:00,1024.2,1022.4,-6,-14,50,190,5,16.1,,43.63,-72.3
2020-02-16 04:53:00,1022.9,1021.3,-6,-14,52,190,5,16.1,,43.63,-72.3
2020-02-16 05:53:00,1022.0,1020.7,-6,-13,55,200,3,16.1,,43.63,-72.3
2020-02-16 06:53:00,1021.7,1020.3,-6,-13,57,190,5,16.1,,43.63,-72.3
2020-02-16 07:53:00,1021.4,1020.0,-6,-12,60,180,6,16.1,,43.63,-72.3
2020-02-16 08:53:00,1020.9,1019.7,-6,-12,62,190,4,16.1,,43.63,-72.3
2020-02-16 09:53:00,1020.6,1019.3,-6,-9,75,200,2,8.0,-SN,43.63,-72.3
2020-02-16 10:53:00,1020.3,1019.0,-6,-10,74,0,0,16.1,,43.63,-72.3
2020-02-16 11:53:00,1020.1,1018.6,-6,-9,75,350,2,16.1,,43.63,-72.3
2020-02-16 12:53:00,1020.2,1019.0,-5,-8,78,,2,16.1,,43.63,-72.3
2020-02-16 13:53:00,1020.1,1019.0,-4,-8,71,0,0,16.1,,43.63,-72.3
2020-02-16 14:53:00,1019.6,1018.6,-2,-7,69,0,0,16.1,,43.63,-72.3
2020-02-16 15:53:00,1019.1,1018.0,-2,-7,66,0,0,16.1,,43.63,-72.3
2020-02-16 16:53:00,1018.5,1017.3,-1,-7,66,0,0,16.1,,43.63,-72.3
2020-02-16 17:53:00,1017.8,1016.6,0,-7,61,250,2,16.1,,43.63,-72.3
2020-02-16 18:53:00,1017.4,1016.3,1,-7,58,290,2,16.1,,43.63,-72.3
2020-02-16 19:53:00,1017.0,1016.3,2,-6,58,230,2,16.1,,43.63,-72.3
2020-02-16 20:53:00,1016.8,1015.9,3,-6,54,210,5,16.1,,43.63,-72.3
2020-02-16 21:53:00,1016.5,1015.6,2,-5,61,200,4,16.1,,43.63,-72.3
2020-02-16 22:53:00,1017.0,1015.9,2,-5,61,150,4,16.1,,43.63,-72.3
2020-02-16 22:53:00,1017.0,1015.9,2,-5,61,150,4,16.1,NaN,43.63,-72.3
2020-02-16 23:53:00,1017.2,1016.3,-2,-6,75,0,0,16.1,NaN,43.63,-72.3
2020-02-17 00:53:00,1017.3,1016.3,-2,-6,78,180,2,16.1,NaN,43.63,-72.3
2020-02-17 01:53:00,1017.4,1016.3,-1,-5,75,0,0,16.1,NaN,43.63,-72.3
2020-02-17 02:53:00,1017.2,1016.3,-2,-6,75,0,0,16.1,NaN,43.63,-72.3
2020-02-17 03:53:00,1017.5,1016.6,-2,-6,75,170,2,16.1,NaN,43.63,-72.3
2020-02-17 04:53:00,1017.3,1016.6,-1,-5,72,0,0,16.1,NaN,43.63,-72.3
2020-02-17 05:53:00,1017.7,1016.6,-2,-6,78,0,0,16.1,NaN,43.63,-72.3
2020-02-17 06:53:00,1017.9,1016.9,-3,-6,81,0,0,16.1,NaN,43.63,-72.3
2020-02-17 07:53:00,1017.9,1016.9,-6,-8,84,0,0,16.1,NaN,43.63,-72.3
2020-02-17 08:53:00,1018.2,1017.3,-4,-7,81,170,4,16.1,NaN,43.63,-72.3
2020-02-17 09:53:00,1019.1,1018.0,-4,-7,84,200,2,14.5,NaN,43.63,-72.3
2020-02-17 10:53:00,1019.7,1019.0,-3,-7,72,0,0,16.1,NaN,43.63,-72.3
2020-02-17 11:53:00,1021.4,1020.3,-6,-8,84,10,2,12.9,NaN,43.63,-72.3
2020-02-17 12:53:00,1022.7,1021.3,-9,-11,87,0,0,12.9,NaN,43.63,-72.3
2020-02-17 13:53:00,1022.9,1022.0,-1,-7,61,10,2,16.1,NaN,43.63,-72.3
2020-02-17 14:53:00,1023.0,1022.0,1,-9,47,350,2,16.1,NaN,43.63,-72.3
2020-02-17 15:53:00,1023.4,1022.7,1,-10,43,360,4,16.1,NaN,43.63,-72.3
2020-02-17 16:53:00,1024.0,1023.4,1,-10,43,330,6,16.1,NaN,43.63,-72.3
2020-02-17 17:53:00,1024.4,1023.7,2,-10,42,350,5,16.1,NaN,43.63,-72.3
2020-02-17 18:53:00,1025.1,1024.1,1,-11,41,320,6,16.1,NaN,43.63,-72.3
2020-02-17 19:53:00,1026.0,1025.1,2,-10,42,320,6,16.1,NaN,43.63,-72.3
2020-02-17 20:53:00,1026.5,1025.4,1,-11,43,320,3,16.1,NaN,43.63,-72.3
2020-02-17 21:53:00,1027.3,1026.1,0,-11,43,310,3,16.1,NaN,43.63,-72.3
2020-02-17 22:53:00,1028.7,1027.8,-1,-12,44,340,2,16.1,NaN,43.63,-72.3
2020-02-17 22:53:00,1028.7,1027.8,-1,-12,44,340,2,16.1,,43.63,-72.3
2020-02-17 23:53:00,1029.3,1028.1,-4,-13,52,50,4,16.1,,43.63,-72.3
2020-02-18 00:53:00,1030.2,1028.8,-5,-13,52,40,4,16.1,,43.63,-72.3
2020-02-18 01:53:00,1030.2,1029.1,-6,-15,48,40,3,16.1,,43.63,-72.3
2020-02-18 02:53:00,1031.2,1029.8,-8,-14,61,0,0,16.1,,43.63,-72.3
2020-02-18 03:53:00,1031.6,1030.5,-9,-15,61,50,2,16.1,,43.63,-72.3
2020-02-18 04:53:00,1031.9,1030.8,-9,-14,64,0,0,16.1,,43.63,-72.3
2020-02-18 05:53:00,1032.8,1031.5,-9,-14,67,350,2,16.1,,43.63,-72.3
2020-02-18 06:53:00,1032.9,1031.5,-10,-14,70,10,2,16.1,,43.63,-72.3
2020-02-18 07:53:00,1032.3,1031.2,-9,-14,64,360,2,16.1,,43.63,-72.3
2020-02-18 08:53:00,1031.6,1030.5,-9,-14,64,350,2,16.1,,43.63,-72.3
2020-02-18 09:53:00,1031.7,1030.5,-9,-14,64,0,0,16.1,,43.63,-72.3
2020-02-18 10:53:00,1031.4,1030.1,-8,-14,61,0,0,16.1,,43.63,-72.3
2020-02-18 11:53:00,1031.8,1030.5,-8,-13,67,0,0,16.1,,43.63,-72.3
2020-02-18 12:53:00,1031.6,1030.1,-8,-13,65,0,0,16.1,,43.63,-72.3
2020-02-18 13:53:00,1030.7,1029.1,-7,-12,70,0,0,4.8,-SN,43.63,-72.3
2020-02-18 14:53:00,1029.7,1028.1,-6,-9,75,0,0,6.4,-SN,43.63,-72.3
2020-02-18 15:53:00,1028.5,1027.1,-5,-8,78,0,0,1.2,-SN,43.63,-72.3
2020-02-18 16:53:00,1026.5,1025.1,-4,-7,81,40,3,0.8,SN,43.63,-72.3
2020-02-18 17:53:00,1025.1,1023.7,-4,-7,81,30,3,1.6,-SN,43.63,-72.3
2020-02-18 18:53:00,1023.2,1022.0,-2,-5,78,0,0,1.2,-SN,43.63,-72.3
2020-02-18 19:53:00,1021.5,1020.0,-3,-6,84,40,4,0.8,SN FZFG,43.63,-72.3
2020-02-18 20:53:00,1020.7,1019.3,-3,-5,85,60,3,1.6,-SN FG,43.63,-72.3
2020-02-18 21:53:00,1019.6,1018.3,-3,-5,85,40,2,2.0,-SN FG,43.63,-72.3
2020-02-18 22:53:00,1019.0,1017.6,-2,-4,85,0,0,1.2,-SN FG,43.63,-72.3
2020-02-18 22:53:00,1019.0,1017.6,-2,-4,85,0,0,1.2,-SN FG,43.63,-72.3
2020-02-18 23:53:00,1018.1,1016.9,-2,-4,88,40,3,2.0,-SN FG,43.63,-72.3
2020-02-19 00:53:00,1016.6,1015.2,-2,-3,92,0,0,2.0,-SN FG,43.63,-72.3
2020-02-19 01:53:00,1015.0,1013.9,-2,-4,88,0,0,11.3,,43.63,-72.3
2020-02-19 02:53:00,1014.6,1013.6,-2,-3,89,0,0,12.9,UP,43.63,-72.3
2020-02-19 03:53:00,1013.6,1012.5,-1,-3,85,0,0,16.1,,43.63,-72.3
2020-02-19 04:53:00,1013.0,1012.2,-1,-3,88,0,0,16.1,,43.63,-72.3
2020-02-19 05:53:00,1013.1,1012.2,-2,-3,89,,2,16.1,,43.63,-72.3
2020-02-19 06:53:00,1013.8,1012.9,-2,-3,89,0,0,12.9,,43.63,-72.3
2020-02-19 07:53:00,1014.5,1013.6,2,-4,62,280,4,16.1,,43.63,-72.3
2020-02-19 08:53:00,1014.6,1013.9,2,-6,58,270,2,16.1,,43.63,-72.3
2020-02-19 09:53:00,1015.2,1014.2,1,-7,56,260,4,16.1,,43.63,-72.3
2020-02-19 10:53:00,1015.8,1014.9,1,-7,56,280,5,16.1,,43.63,-72.3
2020-02-19 11:53:00,1016.1,1015.2,1,-8,51,260,7,12.9,,43.63,-72.3
2020-02-19 12:53:00,1017.5,1016.6,1,-8,50,250,8,16.1,,43.63,-72.3
2020-02-19 13:53:00,1018.3,1017.6,1,-8,50,330,5,6.4,HZ,43.63,-72.3
2020-02-19 14:53:00,1019.1,1018.3,1,-10,43,300,8,16.1,,43.63,-72.3
2020-02-19 15:53:00,1019.7,1019.0,1,-12,38,320,9,6.4,,43.63,-72.3
2020-02-19 16:53:00,1020.0,1019.3,1,-13,34,300,9,16.1,,43.63,-72.3
2020-02-19 17:53:00,1019.8,1019.0,1,-14,32,310,6,16.1,,43.63,-72.3
2020-02-19 18:53:00,1020.2,1019.3,1,-15,29,280,9,12.9,,43.63,-72.3
2020-02-19 19:53:00,1020.8,1020.0,1,-15,29,310,6,16.1,,43.63,-72.3
2020-02-19 20:53:00,1021.5,1020.7,1,-16,29,280,6,16.1,,43.63,-72.3
2020-02-19 21:53:00,1022.3,1021.7,0,-16,29,290,6,16.1,,43.63,-72.3
2020-02-19 22:53:00,1023.2,1022.4,-1,-16,31,300,4,16.1,,43.63,-72.3
2020-02-19 22:53:00,1023.2,1022.4,-1,-16,31,300,4,16.1,NaN,43.63,-72.3
2020-02-19 23:53:00,1024.0,1023.0,-2,-16,32,310,3,16.1,NaN,43.63,-72.3
2020-02-20 00:53:00,1024.6,1023.7,-4,-16,38,280,3,16.1,NaN,43.63,-72.3
2020-02-20 01:53:00,1025.6,1024.7,-4,-16,41,360,4,16.1,NaN,43.63,-72.3
2020-02-20 02:53:00,1026.5,1025.4,-7,-16,49,10,3,16.1,NaN,43.63,-72.3
2020-02-20 03:53:00,1027.4,1026.4,-7,-16,49,350,4,16.1,NaN,43.63,-72.3
2020-02-20 04:53:00,1027.6,1026.4,-8,-17,51,30,2,16.1,NaN,43.63,-72.3
2020-02-20 05:53:00,1028.2,1026.8,-12,-18,58,40,2,16.1,NaN,43.63,-72.3
2020-02-20 06:53:00,1028.6,1027.1,-16,-21,68,0,0,16.1,NaN,43.63,-72.3
2020-02-20 07:53:00,1029.0,1027.4,-18,-21,75,0,0,16.1,NaN,43.63,-72.3
2020-02-20 08:53:00,1028.5,1027.1,-13,-18,69,0,0,16.1,NaN,43.63,-72.3
2020-02-20 09:53:00,1029.1,1027.4,-17,-21,72,40,3,16.1,NaN,43.63,-72.3
2020-02-20 10:53:00,1029.8,1028.1,-18,-21,79,180,2,16.1,NaN,43.63,-72.3
2020-02-20 11:53:00,1030.0,1028.1,-18,-22,75,0,0,16.1,NaN,43.63,-72.3
2020-02-20 12:53:00,1030.3,1028.5,-17,-19,83,0,0,16.1,NaN,43.63,-72.3
2020-02-20 13:53:00,1030.8,1029.1,-14,-17,79,0,0,16.1,NaN,43.63,-72.3
2020-02-20 14:53:00,1030.6,1029.1,-8,-16,53,0,0,16.1,NaN,43.63,-72.3
2020-02-20 15:53:00,1029.8,1028.5,-6,-15,48,0,0,16.1,NaN,43.63,-72.3
2020-02-20 16:53:00,1029.0,1027.4,-4,-15,43,10,4,16.1,NaN,43.63,-72.3
2020-02-20 17:53:00,1028.2,1026.8,-4,-16,38,340,6,16.1,NaN,43.63,-72.3
2020-02-20 18:53:00,1027.9,1026.1,-3,-16,37,320,6,16.1,NaN,43.63,-72.3
2020-02-20 19:53:00,1028.0,1026.1,-3,-16,36,280,6,16.1,NaN,43.63,-72.3
2020-02-20 20:53:00,1028.3,1026.8,-4,-17,38,320,4,16.1,NaN,43.63,-72.3
2020-02-20 21:53:00,1028.9,1027.1,-4,-18,34,310,3,16.1,NaN,43.63,-72.3
2020-02-20 22:53:00,1029.9,1028.1,-7,-17,45,360,3,16.1,NaN,43.63,-72.3
2020-02-20 22:53:00,1029.9,1028.1,-7,-17,45,360,3,16.1,NaN,43.63,-72.3
2020-02-20 23:53:00,1030.9,1028.8,-7,-17,45,350,4,16.1,NaN,43.63,-72.3
2020-02-21 00:53:00,1031.6,1029.5,-9,-18,50,10,3,16.1,NaN,43.63,-72.3
2020-02-21 01:53:00,1032.4,1030.1,-14,-20,60,60,2,16.1,NaN,43.63,-72.3
2020-02-21 02:53:00,1032.7,1030.8,-13,-20,57,40,2,16.1,NaN,43.63,-72.3
2020-02-21 03:53:00,1032.8,1030.8,-17,-21,72,0,0,16.1,NaN,43.63,-72.3
2020-02-21 04:53:00,1032.5,1030.5,-18,-22,75,0,0,16.1,NaN,43.63,-72.3
2020-02-21 05:53:00,1032.6,1030.5,-19,-23,71,0,0,16.1,NaN,43.63,-72.3
2020-02-21 06:53:00,1032.6,1030.5,-23,-25,82,0,0,16.1,NaN,43.63,-72.3
2020-02-21 07:53:00,1032.5,1030.5,-22,-26,71,0,0,16.1,NaN,43.63,-72.3
2020-02-21 08:53:00,1033.0,1030.8,-22,-26,74,50,2,16.1,NaN,43.63,-72.3
2020-02-21 09:53:00,1033.1,1030.8,-23,-27,74,0,0,16.1,NaN,43.63,-72.3
2020-02-21 10:53:00,1033.6,1031.5,-22,-25,75,60,3,16.1,NaN,43.63,-72.3
2020-02-21 11:53:00,1033.7,1031.2,-25,-28,74,0,0,16.1,NaN,43.63,-72.3
2020-02-21 12:53:00,1034.2,1031.8,-22,-24,86,0,0,16.1,NaN,43.63,-72.3
2020-02-21 13:53:00,1034.2,1031.8,-18,-20,83,0,0,16.1,NaN,43.63,-72.3
2020-02-21 14:53:00,1033.3,1031.2,-14,-20,60,0,0,16.1,NaN,43.63,-72.3
2020-02-21 15:53:00,1032.7,1030.5,-11,-18,53,0,0,16.1,NaN,43.63,-72.3
2020-02-21 16:53:00,1031.6,1029.5,-7,-17,43,0,0,16.1,NaN,43.63,-72.3
2020-02-21 17:53:00,1030.2,1028.1,-5,-17,38,0,0,16.1,NaN,43.63,-72.3
2020-02-21 18:53:00,1029.0,1027.1,-3,-17,33,160,2,16.1,NaN,43.63,-72.3
2020-02-21 19:53:00,1028.0,1026.1,-2,-17,32,230,4,16.1,NaN,43.63,-72.3
2020-02-21 20:53:00,1027.5,1025.7,-2,-14,37,260,3,16.1,NaN,43.63,-72.3
2020-02-21 21:53:00,1026.8,1024.7,-2,-15,37,210,4,16.1,NaN,43.63,-72.3
2020-02-21 22:53:00,1026.5,1024.7,-3,-16,38,210,4,16.1,NaN,43.63,-72.3
2020-02-21 22:53:00,1026.5,1024.7,-3,-16,38,210,4,16.1,NaN,43.63,-72.3
2020-02-21 23:53:00,1026.8,1024.7,-6,-16,47,190,4,16.1,NaN,43.63,-72.3
2020-02-22 00:53:00,1025.9,1024.1,-5,-14,48,170,4,16.1,NaN,43.63,-72.3
2020-02-22 01:53:00,1025.0,1023.4,-4,-14,46,170,5,16.1,NaN,43.63,-72.3
2020-02-22 02:53:00,1024.2,1022.4,-6,-15,49,180,4,16.1,NaN,43.63,-72.3
2020-02-22 03:53:00,1023.4,1021.7,-7,-15,52,190,5,16.1,NaN,43.63,-72.3
2020-02-22 04:53:00,1022.5,1021.0,-9,-15,64,30,2,16.1,NaN,43.63,-72.3
2020-02-22 05:53:00,1021.9,1020.3,-12,-17,69,10,2,16.1,NaN,43.63,-72.3
2020-02-22 06:53:00,1021.8,1020.3,-14,-17,76,0,0,16.1,NaN,43.63,-72.3
2020-02-22 07:53:00,1021.3,1019.7,-16,-19,76,0,0,16.1,NaN,43.63,-72.3
2020-02-22 08:53:00,1021.0,1019.3,-16,-19,76,0,0,16.1,NaN,43.63,-72.3
2020-02-22 09:53:00,1021.3,1019.7,-16,-19,79,160,2,16.1,NaN,43.63,-72.3
2020-02-22 10:53:00,1021.7,1020.0,-16,-19,79,0,0,16.1,NaN,43.63,-72.3
2020-02-22 11:53:00,1021.9,1020.0,-16,-18,80,0,0,16.1,NaN,43.63,-72.3
2020-02-22 12:53:00,1021.9,1020.0,-16,-17,88,0,0,16.1,NaN,43.63,-72.3
2020-02-22 13:53:00,1021.8,1020.3,-11,-15,70,0,0,16.1,NaN,43.63,-72.3
2020-02-22 14:53:00,1021.4,1020.0,-3,-11,53,240,3,16.1,NaN,43.63,-72.3
2020-02-22 15:53:00,1020.6,1019.7,2,-9,45,300,4,16.1,NaN,43.63,-72.3
2020-02-22 16:53:00,1020.0,1019.0,2,-8,46,290,4,16.1,NaN,43.63,-72.3
2020-02-22 17:53:00,1019.4,1018.3,3,-8,42,240,4,16.1,NaN,43.63,-72.3
2020-02-22 18:53:00,1018.8,1017.6,4,-8,42,240,5,16.1,NaN,43.63,-72.3
2020-02-22 19:53:00,1018.8,1017.6,4,-7,43,260,4,16.1,NaN,43.63,-72.3
2020-02-22 20:53:00,1019.1,1018.0,4,-7,44,240,4,16.1,NaN,43.63,-72.3
2020-02-22 21:53:00,1019.2,1018.0,3,-7,48,250,5,16.1,NaN,43.63,-72.3
2020-02-22 22:53:00,1019.8,1018.3,2,-7,52,180,3,16.1,NaN,43.63,-72.3
2020-02-22 22:53:00,1019.8,1018.3,2,-7,52,180,3,16.1,NaN,43.63,-72.3
2020-02-22 23:53:00,1020.7,1019.3,-2,-8,65,210,3,16.1,NaN,43.63,-72.3
2020-02-23 00:53:00,1020.7,1019.0,-4,-8,71,0,0,16.1,NaN,43.63,-72.3
2020-02-23 01:53:00,1020.9,1019.3,-7,-10,77,0,0,16.1,NaN,43.63,-72.3
2020-02-23 02:53:00,1020.9,1019.7,-7,-10,77,0,0,16.1,NaN,43.63,-72.3
2020-02-23 03:53:00,1020.6,1019.7,-7,-10,77,0,0,16.1,NaN,43.63,-72.3
2020-02-23 04:53:00,1020.8,1019.7,-9,-11,84,0,0,16.1,NaN,43.63,-72.3
2020-02-23 05:53:00,1020.9,1020.0,-9,-11,84,0,0,16.1,NaN,43.63,-72.3
2020-02-23 06:53:00,1020.5,1019.3,-8,-11,83,0,0,16.1,NaN,43.63,-72.3
2020-02-23 07:53:00,1020.4,1019.3,-9,-12,80,0,0,16.1,NaN,43.63,-72.3
2020-02-23 08:53:00,1020.6,1019.3,-11,-13,84,0,0,14.5,NaN,43.63,-72.3
2020-02-23 09:53:00,1020.9,1019.7,-11,-13,81,0,0,14.5,NaN,43.63,-72.3
2020-02-23 10:53:00,1021.0,1019.7,-12,-15,80,0,0,14.5,NaN,43.63,-72.3
2020-02-23 11:53:00,1021.4,1020.0,-13,-16,80,0,0,11.3,NaN,43.63,-72.3
2020-02-23 12:53:00,1021.6,1020.3,-9,-11,87,0,0,12.9,NaN,43.63,-72.3
2020-02-23 13:53:00,1021.5,1020.0,-6,-8,84,0,0,14.5,NaN,43.63,-72.3
2020-02-23 14:53:00,1020.8,1019.7,-1,-7,66,0,0,11.3,NaN,43.63,-72.3
2020-02-23 15:53:00,1019.8,1018.6,2,-6,56,0,0,16.1,NaN,43.63,-72.3
2020-02-23 16:53:00,1018.6,1018.0,7,-5,42,0,0,16.1,NaN,43.63,-72.3
2020-02-23 17:53:00,1017.5,1016.6,9,-5,37,0,0,16.1,NaN,43.63,-72.3
2020-02-23 18:53:00,1016.8,1015.9,9,-4,37,220,4,16.1,NaN,43.63,-72.3
2020-02-23 19:53:00,1016.5,1015.9,10,-5,34,190,5,16.1,NaN,43.63,-72.3
2020-02-23 20:53:00,1016.6,1015.9,9,-5,37,220,5,16.1,NaN,43.63,-72.3
2020-02-23 21:53:00,1016.8,1015.9,7,-5,42,200,5,16.1,NaN,43.63,-72.3
2020-02-23 22:53:00,1017.2,1015.9,5,-4,51,170,2,16.1,NaN,43.63,-72.3
2020-02-23 22:53:00,1017.2,1015.9,5,-4,51,170,2,16.1,NaN,43.63,-72.3
2020-02-23 23:53:00,1017.8,1016.6,2,-4,66,170,2,16.1,NaN,43.63,-72.3
2020-02-24 00:53:00,1017.8,1016.6,0,-4,72,0,0,16.1,NaN,43.63,-72.3
2020-02-24 01:53:00,1017.8,1016.6,-1,-4,75,0,0,16.1,NaN,43.63,-72.3
2020-02-24 02:53:00,1017.7,1016.9,-1,-5,75,30,2,16.1,NaN,43.63,-72.3
2020-02-24 03:53:00,1017.5,1016.6,-2,-6,78,0,0,16.1,NaN,43.63,-72.3
2020-02-24 04:53:00,1017.1,1016.6,-4,-7,84,0,0,16.1,NaN,43.63,-72.3
2020-02-24 05:53:00,1016.9,1016.3,-6,-8,81,0,0,16.1,NaN,43.63,-72.3
2020-02-24 06:53:00,1016.9,1016.3,-6,-8,84,0,0,16.1,NaN,43.63,-72.3
2020-02-24 07:53:00,1016.4,1015.6,-7,-9,84,0,0,14.5,NaN,43.63,-72.3
2020-02-24 08:53:00,1016.3,1015.6,-7,-9,84,0,0,16.1,NaN,43.63,-72.3
2020-02-24 09:53:00,1016.6,1015.6,-7,-9,84,0,0,12.9,NaN,43.63,-72.3
2020-02-24 10:53:00,1016.6,1015.6,-7,-9,84,0,0,12.9,NaN,43.63,-72.3
2020-02-24 11:53:00,1016.7,1015.6,-8,-10,84,0,0,12.9,NaN,43.63,-72.3
2020-02-24 12:53:00,1017.6,1016.6,-7,-8,92,0,0,14.5,NaN,43.63,-72.3
2020-02-24 13:53:00,1017.2,1016.3,-2,-6,75,0,0,16.1,NaN,43.63,-72.3
2020-02-24 14:53:00,1016.3,1015.6,2,-4,62,0,0,16.1,NaN,43.63,-72.3
2020-02-24 15:53:00,1015.5,1014.9,5,-5,48,60,2,16.1,NaN,43.63,-72.3
2020-02-24 16:53:00,1014.8,1014.2,8,-4,40,250,4,16.1,NaN,43.63,-72.3
2020-02-24 17:53:00,1013.9,1013.2,11,-6,32,220,4,16.1,NaN,43.63,-72.3
2020-02-24 18:53:00,1013.2,1012.5,11,-4,33,200,4,16.1,NaN,43.63,-72.3
2020-02-24 19:53:00,1012.8,1012.2,12,-3,35,190,5,16.1,NaN,43.63,-72.3
2020-02-24 20:53:00,1012.7,1012.2,8,-3,45,170,4,16.1,NaN,43.63,-72.3
2020-02-24 21:53:00,1012.9,1012.2,7,-3,51,190,2,16.1,NaN,43.63,-72.3
2020-02-24 22:53:00,1013.2,1012.2,4,-2,62,0,0,16.1,NaN,43.63,-72.3
2020-02-24 22:53:00,1013.2,1012.2,4,-2,62,0,0,16.1,NaN,43.63,-72.3
2020-02-24 23:53:00,1013.6,1012.5,2,-2,73,0,0,16.1,NaN,43.63,-72.3
2020-02-25 00:53:00,1014.5,1013.6,1,-3,75,0,0,16.1,NaN,43.63,-72.3
2020-02-25 01:53:00,1014.1,1013.2,1,-3,72,50,3,16.1,NaN,43.63,-72.3
2020-02-25 02:53:00,1014.2,1013.6,1,-3,75,0,0,16.1,NaN,43.63,-72.3
2020-02-25 03:53:00,1014.4,1013.9,1,-3,78,0,0,16.1,NaN,43.63,-72.3
2020-02-25 04:53:00,1014.2,1013.9,1,-3,78,190,2,16.1,NaN,43.63,-72.3
2020-02-25 05:53:00,1013.4,1013.2,1,-3,78,0,0,16.1,NaN,43.63,-72.3
2020-02-25 06:53:00,1013.1,1012.9,1,-3,78,0,0,16.1,NaN,43.63,-72.3
2020-02-25 07:53:00,1012.4,1012.2,1,-3,78,0,0,16.1,NaN,43.63,-72.3
2020-02-25 08:53:00,1012.7,1012.2,0,-3,81,0,0,16.1,NaN,43.63,-72.3
2020-02-25 09:53:00,1013.3,1012.9,1,-3,78,0,0,16.1,NaN,43.63,-72.3
2020-02-25 10:53:00,1013.3,1012.5,1,-3,78,0,0,16.1,NaN,43.63,-72.3
2020-02-25 11:53:00,1013.2,1012.5,1,-2,79,330,2,16.1,NaN,43.63,-72.3
2020-02-25 12:53:00,1013.5,1012.9,2,-2,78,0,0,16.1,NaN,43.63,-72.3
2020-02-25 13:53:00,1013.7,1013.2,3,-2,72,250,2,16.1,NaN,43.63,-72.3
2020-02-25 14:53:00,1013.2,1012.5,4,-2,67,20,2,16.1,NaN,43.63,-72.3
2020-02-25 15:53:00,1012.8,1012.2,6,-2,59,0,0,16.1,NaN,43.63,-72.3
2020-02-25 16:53:00,1012.6,1012.2,7,-2,55,360,3,16.1,NaN,43.63,-72.3
2020-02-25 17:53:00,1012.1,1011.5,7,-2,53,340,2,16.1,NaN,43.63,-72.3
2020-02-25 18:53:00,1011.5,1011.2,8,-2,49,340,2,16.1,NaN,43.63,-72.3
2020-02-25 19:53:00,1011.8,1011.5,8,-2,49,330,2,16.1,NaN,43.63,-72.3
2020-02-25 20:53:00,1012.0,1011.5,8,-2,49,350,2,16.1,NaN,43.63,-72.3
2020-02-25 21:53:00,1012.4,1012.2,8,-2,51,330,3,16.1,NaN,43.63,-72.3
2020-02-25 22:53:00,1013.0,1012.5,7,-1,56,340,2,16.1,NaN,43.63,-72.3
2020-02-25 22:53:00,1013.0,1012.5,7,-1,56,340,2,16.1,,43.63,-72.3
2020-02-25 23:53:00,1013.6,1013.2,5,-1,67,350,2,16.1,,43.63,-72.3
2020-02-26 00:53:00,1013.9,1013.6,4,0,73,360,2,16.1,,43.63,-72.3
2020-02-26 01:53:00,1014.5,1013.9,2,-1,82,0,0,16.1,,43.63,-72.3
2020-02-26 02:53:00,1014.7,1014.2,3,0,79,350,2,16.1,,43.63,-72.3
2020-02-26 03:53:00,1014.6,1013.9,2,-1,82,0,0,16.1,,43.63,-72.3
2020-02-26 04:53:00,1014.2,1013.9,2,-1,82,0,0,16.1,,43.63,-72.3
2020-02-26 05:53:00,1014.6,1014.2,2,-1,85,0,0,16.1,,43.63,-72.3
2020-02-26 06:53:00,1014.6,1014.2,2,-1,85,0,0,16.1,,43.63,-72.3
2020-02-26 07:53:00,1014.7,1014.2,2,-1,85,0,0,16.1,,43.63,-72.3
2020-02-26 08:53:00,1014.9,1014.6,2,-1,85,0,0,16.1,,43.63,-72.3
2020-02-26 09:53:00,1015.1,1014.6,2,0,88,30,2,12.9,-RA,43.63,-72.3
2020-02-26 10:53:00,1015.8,1015.2,1,0,92,0,0,8.0,-RA FG,43.63,-72.3
2020-02-26 11:53:00,1015.8,1015.2,2,0,88,0,0,3.2,FG,43.63,-72.3
2020-02-26 12:53:00,1016.9,1016.3,2,1,92,0,0,2.8,FG,43.63,-72.3
2020-02-26 13:53:00,1016.8,1016.3,2,1,92,0,0,2.0,FG,43.63,-72.3
2020-02-26 14:53:00,1016.2,1015.6,3,1,85,360,2,6.4,FG,43.63,-72.3
2020-02-26 15:53:00,1016.5,1015.9,4,1,82,350,3,6.4,HZ,43.63,-72.3
2020-02-26 16:53:00,1016.2,1015.6,4,2,86,0,0,12.9,,43.63,-72.3
2020-02-26 17:53:00,1015.4,1014.9,6,3,79,0,0,16.1,,43.63,-72.3
2020-02-26 18:53:00,1014.6,1014.2,6,2,79,310,2,16.1,,43.63,-72.3
2020-02-26 19:53:00,1014.4,1013.9,6,2,76,0,0,16.1,,43.63,-72.3
2020-02-26 20:53:00,1013.2,1012.9,6,2,76,40,2,16.1,,43.63,-72.3
2020-02-26 21:53:00,1013.8,1013.2,5,2,79,0,0,16.1,,43.63,-72.3
2020-02-26 22:53:00,1013.9,1013.2,4,1,79,0,0,16.1,,43.63,-72.3
2020-02-26 22:53:00,1013.9,1013.2,4,1,79,0,0,16.1,,43.63,-72.3
2020-02-26 23:53:00,1014.0,1013.6,6,0,67,,,16.1,,43.63,-72.3
2020-02-27 00:53:00,1012.7,1012.2,7,-2,53,120,3,16.1,,43.63,-72.3
2020-02-27 01:53:00,1012.6,1012.2,6,-1,60,,2,16.1,,43.63,-72.3
2020-02-27 02:53:00,1012.4,1011.9,6,-1,64,130,4,16.1,,43.63,-72.3
2020-02-27 03:53:00,1011.2,1010.8,5,0,70,,3,16.1,,43.63,-72.3
2020-02-27 04:53:00,1010.0,1009.5,4,1,76,,3,16.1,,43.63,-72.3
2020-02-27 05:53:00,1008.4,1008.1,4,1,79,,3,16.1,,43.63,-72.3
2020-02-27 06:53:00,1006.1,1005.8,4,2,83,,2,16.1,,43.63,-72.3
2020-02-27 07:53:00,1003.5,1003.1,4,2,83,0,0,12.9,,43.63,-72.3
2020-02-27 08:53:00,1000.3,1000.0,4,1,79,,3,16.1,,43.63,-72.3
2020-02-27 09:53:00,998.1,997.6,4,1,82,0,0,9.7,-RA,43.63,-72.3
2020-02-27 10:53:00,995.3,994.9,4,1,82,40,4,9.7,-RA,43.63,-72.3
2020-02-27 11:53:00,992.4,992.2,4,1,82,40,4,8.0,-RA,43.63,-72.3
2020-02-27 12:53:00,991.0,990.9,4,2,83,,2,2.8,RA,43.63,-72.3
2020-02-27 13:53:00,989.4,989.2,4,2,83,100,3,4.0,RA,43.63,-72.3
2020-02-27 14:53:00,985.7,985.4,5,2,79,70,4,16.1,-RA,43.63,-72.3
2020-02-27 15:53:00,988.1,987.8,4,2,86,,2,6.4,-RA FG,43.63,-72.3
2020-02-27 16:53:00,989.2,988.8,3,-1,78,220,6,4.8,-SN,43.63,-72.3
2020-02-27 17:53:00,990.6,990.2,2,-4,64,260,7,4.8,-SN,43.63,-72.3
2020-02-27 18:53:00,992.2,991.5,1,-5,64,230,10,14.5,-SN,43.63,-72.3
2020-02-27 19:53:00,993.1,992.6,1,-6,61,260,8,16.1,,43.63,-72.3
2020-02-27 20:53:00,994.4,993.9,0,-7,61,240,8,16.1,,43.63,-72.3
2020-02-27 21:53:00,995.6,995.3,-1,-7,63,230,6,6.4,-SN,43.63,-72.3
2020-02-27 22:53:00,997.4,997.0,-1,-7,63,230,6,6.4,-SN,43.63,-72.3
2020-02-27 22:53:00,997.4,997.0,-1,-7,63,230,6,6.4,-SN,43.63,-72.3
2020-02-27 23:53:00,998.4,998.0,-2,-8,61,230,6,6.4,-SN,43.63,-72.3
2020-02-28 00:53:00,999.0,998.7,-2,-10,53,220,7,6.4,-SN,43.63,-72.3
2020-02-28 01:53:00,999.7,999.0,-2,-10,53,230,7,16.1,,43.63,-72.3
2020-02-28 02:53:00,1000.2,999.7,-2,-11,51,250,6,16.1,,43.63,-72.3
2020-02-28 03:53:00,1000.3,999.7,-3,-12,50,220,7,16.1,,43.63,-72.3
2020-02-28 04:53:00,1000.7,1000.0,-3,-13,48,250,10,16.1,,43.63,-72.3
2020-02-28 05:53:00,1001.0,1000.3,-3,-13,48,240,8,16.1,,43.63,-72.3
2020-02-28 06:53:00,1001.5,1000.7,-4,-13,48,230,8,16.1,,43.63,-72.3
2020-02-28 07:53:00,1001.6,1000.7,-4,-13,50,230,6,16.1,,43.63,-72.3
2020-02-28 08:53:00,1001.6,1000.7,-4,-13,50,220,8,16.1,,43.63,-72.3
2020-02-28 09:53:00,1002.0,1001.0,-4,-13,48,220,6,16.1,,43.63,-72.3
2020-02-28 10:53:00,1002.3,1001.4,-4,-13,48,220,10,16.1,,43.63,-72.3
2020-02-28 11:53:00,1002.6,1001.7,-4,-13,48,230,8,16.1,,43.63,-72.3
2020-02-28 12:53:00,1003.3,1002.4,-3,-13,48,220,8,16.1,,43.63,-72.3
2020-02-28 13:53:00,1003.8,1002.7,-3,-12,48,220,8,16.1,,43.63,-72.3
2020-02-28 14:53:00,1003.8,1002.7,-2,-12,46,240,9,16.1,,43.63,-72.3
2020-02-28 15:53:00,1003.9,1003.1,-1,-12,44,250,10,16.1,,43.63,-72.3
2020-02-28 16:53:00,1004.2,1003.4,-1,-12,43,230,6,16.1,,43.63,-72.3
2020-02-28 17:53:00,1004.0,1003.1,-1,-12,41,240,8,16.1,,43.63,-72.3
2020-02-28 18:53:00,1004.0,1003.1,-1,-13,39,230,6,16.1,,43.63,-72.3
2020-02-28 19:53:00,1004.8,1003.7,-1,-12,43,250,7,16.1,,43.63,-72.3
2020-02-28 20:53:00,1005.6,1004.8,-2,-10,53,250,5,16.1,,43.63,-72.3
2020-02-28 21:53:00,1006.2,1005.1,-2,-9,58,230,3,14.5,,43.63,-72.3
2020-02-28 22:53:00,1006.5,1005.4,-2,-12,46,190,4,16.1,,43.63,-72.3
